{"stats":{"minecraft:killed":{"quark:forgotten":1,"minecraft:skeleton":1,"minecraft:enderman":2},"minecraft:mined":{"minecraft:deepslate_redstone_ore":91,"create:deepslate_zinc_ore":16,"minecraft:tuff":116,"regions_unexplored:maple_log":8,"minecraft:crafting_table":1,"minecraft:torch":1,"minecraft:copper_ore":1,"minecraft:deepslate_gold_ore":6,"regions_unexplored:raw_redstone_block":121,"minecraft:wall_torch":2,"minecraft:deepslate_copper_ore":14,"minecraft:redstone_ore":15,"regions_unexplored:pointed_redstone":4,"minecraft:furnace":1,"regions_unexplored:redstone_bud":3,"minecraft:birch_log":7,"minecraft:birch_leaves":1,"minecraft:deepslate_lapis_ore":3,"minecraft:pointed_dripstone":2,"minecraft:oak_log":16,"minecraft:deepslate_iron_ore":12,"minecraft:stone":8,"minecraft:deepslate":9,"regions_unexplored:redstone_bulb":2},"minecraft:picked_up":{"regions_unexplored:pointed_redstone":14,"minecraft:birch_log":7,"minecraft:crafting_table":1,"minecraft:glow_ink_sac":3,"minecraft:tuff":21,"minecraft:oak_log":16,"minecraft:lapis_lazuli":7,"minecraft:dirt":3,"quark:forgotten_hat":1,"minecraft:bone":3,"minecraft:apple":2,"minecraft:cobbled_deepslate":7,"minecraft:iron_ingot":1,"minecraft:birch_sapling":2,"minecraft:furnace":1,"minecraft:stick":24,"minecraft:raw_iron":7,"minecraft:torch":5,"minecraft:pointed_dripstone":3,"minecraft:redstone":17,"minecraft:arrow":7,"regions_unexplored:redstone_bulb":2,"regions_unexplored:maple_sapling":1,"regions_unexplored:maple_log":8,"minecraft:oak_sapling":4,"minecraft:cobblestone":8},"minecraft:broken":{"minecraft:iron_pickaxe":1},"minecraft:crafted":{"minecraft:oak_planks":8,"minecraft:cooked_porkchop":5,"minecraft:crafting_table":1,"minecraft:wooden_pickaxe":1,"minecraft:iron_helmet":1,"minecraft:iron_sword":1,"minecraft:furnace":1,"minecraft:copper_ingot":29,"minecraft:birch_planks":28,"minecraft:air":0,"minecraft:iron_boots":1,"minecraft:iron_chestplate":1,"minecraft:charcoal":1,"minecraft:iron_axe":1,"minecraft:stick":12,"minecraft:iron_ingot":3,"minecraft:iron_pickaxe":2,"minecraft:torch":4},"minecraft:used":{"minecraft:water_bucket":4,"minecraft:wooden_pickaxe":7,"minecraft:iron_sword":21,"minecraft:torch":6,"minecraft:crafting_table":1,"minecraft:lava_bucket":1,"minecraft:iron_axe":29,"minecraft:iron_pickaxe":414,"minecraft:furnace":1,"minecraft:cooked_porkchop":4,"minecraft:bucket":6},"minecraft:custom":{"minecraft:interact_with_furnace":11,"minecraft:mob_kills":4,"minecraft:interact_with_crafting_table":13,"minecraft:leave_game":2,"minecraft:time_since_death":31701,"minecraft:time_since_rest":31701,"minecraft:sprint_one_cm":43369,"minecraft:damage_taken":440,"minecraft:walk_one_cm":83833,"minecraft:damage_dealt":1029,"minecraft:fly_one_cm":20911,"minecraft:open_chest":4,"minecraft:crouch_one_cm":1424,"minecraft:play_time":31701,"minecraft:sneak_time":433,"minecraft:walk_under_water_one_cm":2785,"minecraft:jump":297,"minecraft:walk_on_water_one_cm":11812,"minecraft:total_world_time":31701,"minecraft:fall_one_cm":11471}},"DataVersion":3465}