{"stats":{"minecraft:killed":{"quark:forgotten":1,"minecraft:skeleton":1,"minecraft:zombie":2,"enemyexpansion:botfly":2,"enemyexpansion:wasp":2,"minecraft:enderman":2},"minecraft:mined":{"minecraft:deepslate_redstone_ore":91,"create:deepslate_zinc_ore":16,"minecraft:tuff":116,"regions_unexplored:maple_log":17,"minecraft:crafting_table":2,"minecraft:torch":2,"minecraft:grass_block":3,"regions_unexplored:maple_leaves":6,"minecraft:cobblestone":1,"minecraft:copper_ore":1,"minecraft:deepslate_gold_ore":6,"regions_unexplored:raw_redstone_block":121,"minecraft:wall_torch":6,"minecraft:deepslate_copper_ore":14,"minecraft:redstone_ore":33,"regions_unexplored:pointed_redstone":4,"minecraft:furnace":2,"regions_unexplored:redstone_bud":3,"minecraft:birch_log":7,"minecraft:birch_leaves":1,"minecraft:deepslate_lapis_ore":9,"minecraft:grass":1,"minecraft:pointed_dripstone":2,"minecraft:oak_log":18,"minecraft:deepslate_iron_ore":12,"minecraft:gravel":3,"minecraft:dirt":17,"minecraft:stone":181,"minecraft:deepslate":52,"regions_unexplored:redstone_bulb":2},"minecraft:picked_up":{"regions_unexplored:pointed_redstone":14,"minecraft:birch_log":7,"minecraft:crafting_table":2,"minecraft:glow_ink_sac":3,"enemyexpansion:wasp_thorax":1,"minecraft:tuff":21,"minecraft:oak_log":18,"minecraft:lapis_lazuli":7,"minecraft:dirt":17,"quark:forgotten_hat":1,"minecraft:bone":3,"minecraft:apple":2,"minecraft:cobbled_deepslate":51,"minecraft:iron_ingot":2,"minecraft:birch_sapling":2,"minecraft:furnace":2,"minecraft:stick":30,"minecraft:raw_iron":13,"minecraft:torch":10,"minecraft:pointed_dripstone":3,"minecraft:redstone":17,"minecraft:arrow":7,"minecraft:rotten_flesh":3,"regions_unexplored:redstone_bulb":2,"regions_unexplored:maple_sapling":4,"regions_unexplored:maple_log":16,"minecraft:oak_sapling":4,"minecraft:rail":1,"minecraft:cobblestone":182},"minecraft:broken":{"minecraft:iron_pickaxe":2},"minecraft:crafted":{"minecraft:oak_planks":8,"minecraft:cooked_porkchop":5,"minecraft:crafting_table":1,"minecraft:wooden_pickaxe":1,"minecraft:iron_helmet":1,"minecraft:iron_sword":1,"minecraft:furnace":1,"minecraft:copper_ingot":29,"minecraft:birch_planks":28,"minecraft:bread":27,"minecraft:air":0,"minecraft:glass":7,"minecraft:iron_boots":1,"minecraft:iron_chestplate":1,"minecraft:charcoal":1,"minecraft:iron_axe":1,"minecraft:stick":16,"minecraft:iron_ingot":4,"minecraft:iron_pickaxe":3,"minecraft:torch":4,"minecraft:wheat":81},"minecraft:used":{"minecraft:water_bucket":4,"minecraft:wooden_pickaxe":7,"minecraft:iron_sword":50,"minecraft:torch":12,"minecraft:dirt":3,"minecraft:crafting_table":2,"minecraft:oak_log":2,"minecraft:apple":2,"minecraft:lava_bucket":1,"minecraft:bread":1,"minecraft:iron_axe":42,"minecraft:iron_pickaxe":677,"minecraft:cobblestone":6,"minecraft:furnace":2,"minecraft:cooked_porkchop":5,"minecraft:bucket":6},"minecraft:custom":{"minecraft:interact_with_furnace":16,"minecraft:mob_kills":10,"minecraft:interact_with_crafting_table":16,"minecraft:leave_game":2,"minecraft:time_since_death":43701,"minecraft:sleep_in_bed":1,"minecraft:time_since_rest":3522,"minecraft:sprint_one_cm":68617,"minecraft:damage_taken":662,"minecraft:walk_one_cm":117025,"minecraft:damage_dealt":1953,"minecraft:fly_one_cm":28428,"minecraft:open_chest":7,"minecraft:crouch_one_cm":1513,"minecraft:play_time":43701,"minecraft:sneak_time":467,"minecraft:walk_under_water_one_cm":2785,"minecraft:jump":455,"minecraft:walk_on_water_one_cm":11812,"minecraft:total_world_time":43701,"minecraft:fall_one_cm":12216}},"DataVersion":3465}