{"stats":{"minecraft:crafted":{"minecraft:iron_sword":1,"minecraft:copper_ingot":29,"minecraft:iron_boots":1,"minecraft:iron_chestplate":1,"minecraft:cooked_porkchop":5,"minecraft:birch_planks":28,"minecraft:iron_axe":1,"minecraft:stick":8,"minecraft:iron_helmet":1,"minecraft:iron_pickaxe":1,"minecraft:air":0,"minecraft:wooden_pickaxe":1},"minecraft:used":{"minecraft:wooden_pickaxe":7},"minecraft:mined":{"minecraft:birch_log":7,"minecraft:stone":7,"minecraft:birch_leaves":1},"minecraft:custom":{"minecraft:open_chest":4,"minecraft:time_since_rest":10158,"minecraft:crouch_one_cm":880,"minecraft:play_time":10158,"minecraft:interact_with_furnace":4,"minecraft:sprint_one_cm":6085,"minecraft:walk_one_cm":29919,"minecraft:sneak_time":219,"minecraft:jump":33,"minecraft:leave_game":1,"minecraft:time_since_death":10158,"minecraft:total_world_time":10158,"minecraft:interact_with_crafting_table":3,"minecraft:fall_one_cm":687,"minecraft:fly_one_cm":2784},"minecraft:picked_up":{"minecraft:birch_log":7,"minecraft:stick":1,"minecraft:dirt":3,"minecraft:cobblestone":7}},"DataVersion":3465}