{"stats":{"minecraft:killed":{"quark:forgotten":1,"minecraft:skeleton":1,"minecraft:zombie":2,"enemyexpansion:botfly":2,"alexsmobs:crow":1,"enemyexpansion:wasp":2,"minecraft:enderman":2},"minecraft:dropped":{"minecraft:glow_ink_sac":3},"minecraft:mined":{"minecraft:deepslate_redstone_ore":91,"create:deepslate_zinc_ore":16,"minecraft:tuff":116,"regions_unexplored:maple_log":17,"minecraft:powder_snow":7,"minecraft:crafting_table":4,"minecraft:torch":2,"minecraft:grass_block":3,"regions_unexplored:maple_leaves":6,"minecraft:copper_ore":1,"minecraft:cobblestone":1,"minecraft:deepslate_gold_ore":6,"regions_unexplored:raw_redstone_block":121,"minecraft:wall_torch":6,"minecraft:deepslate_copper_ore":14,"minecraft:large_fern":8,"minecraft:redstone_ore":33,"regions_unexplored:pointed_redstone":4,"minecraft:furnace":2,"regions_unexplored:redstone_bud":3,"minecraft:birch_log":7,"minecraft:iron_ore":6,"minecraft:ice":1,"minecraft:birch_leaves":1,"minecraft:deepslate_lapis_ore":9,"minecraft:grass":6,"minecraft:oak_log":18,"minecraft:pointed_dripstone":2,"minecraft:coal_ore":69,"minecraft:deepslate_iron_ore":12,"minecraft:gravel":3,"minecraft:dirt":17,"regions_unexplored:medium_grass":4,"minecraft:stone":181,"minecraft:deepslate":52,"regions_unexplored:redstone_bulb":2},"minecraft:picked_up":{"regions_unexplored:pointed_redstone":14,"minecraft:birch_log":7,"minecraft:crafting_table":4,"minecraft:feather":1,"minecraft:glow_ink_sac":3,"enemyexpansion:wasp_thorax":1,"minecraft:tuff":21,"minecraft:oak_log":18,"minecraft:lapis_lazuli":7,"minecraft:dirt":17,"quark:forgotten_hat":1,"minecraft:bone":3,"minecraft:apple":2,"minecraft:wheat_seeds":3,"minecraft:cobbled_deepslate":51,"minecraft:iron_ingot":2,"minecraft:birch_sapling":2,"minecraft:furnace":2,"minecraft:stick":30,"minecraft:raw_iron":17,"minecraft:torch":10,"minecraft:pointed_dripstone":3,"minecraft:redstone":17,"minecraft:arrow":7,"minecraft:rotten_flesh":3,"regions_unexplored:redstone_bulb":2,"regions_unexplored:maple_sapling":4,"regions_unexplored:maple_log":16,"minecraft:oak_sapling":4,"minecraft:rail":1,"minecraft:cobblestone":182},"minecraft:broken":{"minecraft:iron_pickaxe":2},"minecraft:crafted":{"minecraft:oak_planks":8,"minecraft:cooked_porkchop":5,"minecraft:crafting_table":1,"regions_unexplored:maple_planks":12,"minecraft:wooden_pickaxe":1,"minecraft:iron_helmet":1,"minecraft:iron_sword":1,"minecraft:furnace":1,"minecraft:copper_ingot":29,"minecraft:birch_planks":28,"regions_unexplored:maple_boat":2,"minecraft:bread":27,"minecraft:air":0,"minecraft:glass":7,"minecraft:iron_boots":1,"minecraft:iron_chestplate":1,"minecraft:charcoal":1,"minecraft:iron_axe":1,"minecraft:stick":16,"minecraft:iron_ingot":4,"minecraft:iron_pickaxe":3,"minecraft:torch":4,"minecraft:wheat":81},"minecraft:custom":{"minecraft:interact_with_furnace":16,"minecraft:mob_kills":11,"minecraft:interact_with_crafting_table":21,"minecraft:leave_game":4,"minecraft:time_since_death":59055,"minecraft:sleep_in_bed":1,"minecraft:time_since_rest":18876,"minecraft:sprint_one_cm":138279,"minecraft:damage_taken":826,"minecraft:walk_one_cm":143647,"minecraft:drop":3,"minecraft:damage_dealt":2076,"minecraft:swim_one_cm":18971,"minecraft:fly_one_cm":175570,"minecraft:open_chest":7,"minecraft:crouch_one_cm":1658,"minecraft:play_time":59055,"minecraft:sneak_time":540,"minecraft:walk_under_water_one_cm":6233,"minecraft:boat_one_cm":46350,"minecraft:jump":961,"minecraft:walk_on_water_one_cm":16639,"minecraft:total_world_time":59055,"minecraft:fall_one_cm":23894},"minecraft:used":{"minecraft:water_bucket":5,"minecraft:wooden_pickaxe":7,"minecraft:iron_sword":53,"minecraft:torch":14,"minecraft:dirt":3,"minecraft:white_carpet":1,"minecraft:crafting_table":4,"minecraft:oak_log":2,"minecraft:lava_bucket":1,"minecraft:apple":2,"minecraft:bread":9,"minecraft:iron_axe":44,"minecraft:iron_pickaxe":752,"minecraft:cobblestone":6,"minecraft:furnace":2,"minecraft:cooked_porkchop":5,"minecraft:bucket":7,"regions_unexplored:maple_boat":2}},"DataVersion":3465}