{"stats":{"minecraft:crafted":{"minecraft:oak_planks":8,"minecraft:cooked_porkchop":5,"minecraft:crafting_table":1,"minecraft:wooden_pickaxe":1,"minecraft:iron_helmet":1,"minecraft:iron_sword":1,"minecraft:furnace":1,"minecraft:copper_ingot":29,"minecraft:birch_planks":28,"minecraft:air":0,"minecraft:iron_boots":1,"minecraft:iron_chestplate":1,"minecraft:charcoal":1,"minecraft:iron_axe":1,"minecraft:stick":12,"minecraft:iron_ingot":3,"minecraft:iron_pickaxe":2,"minecraft:torch":4},"minecraft:killed":{"quark:forgotten":1},"minecraft:broken":{"minecraft:iron_pickaxe":1},"minecraft:used":{"minecraft:water_bucket":1,"minecraft:wooden_pickaxe":7,"minecraft:iron_sword":7,"minecraft:torch":2,"minecraft:crafting_table":1,"minecraft:lava_bucket":1,"minecraft:iron_axe":29,"minecraft:iron_pickaxe":252,"minecraft:furnace":1,"minecraft:cooked_porkchop":2,"minecraft:bucket":3},"minecraft:mined":{"minecraft:deepslate_redstone_ore":58,"create:deepslate_zinc_ore":13,"minecraft:tuff":100,"regions_unexplored:maple_log":8,"minecraft:crafting_table":1,"minecraft:copper_ore":1,"minecraft:deepslate_gold_ore":6,"regions_unexplored:raw_redstone_block":21,"minecraft:wall_torch":1,"minecraft:deepslate_copper_ore":14,"minecraft:redstone_ore":15,"regions_unexplored:pointed_redstone":1,"minecraft:furnace":1,"regions_unexplored:redstone_bud":3,"minecraft:birch_log":7,"minecraft:birch_leaves":1,"minecraft:deepslate_lapis_ore":3,"minecraft:pointed_dripstone":2,"minecraft:oak_log":16,"minecraft:deepslate_iron_ore":12,"minecraft:stone":8,"minecraft:deepslate":3,"regions_unexplored:redstone_bulb":1},"minecraft:picked_up":{"regions_unexplored:pointed_redstone":9,"minecraft:birch_log":7,"minecraft:crafting_table":1,"minecraft:tuff":5,"minecraft:oak_log":16,"minecraft:lapis_lazuli":7,"minecraft:dirt":3,"quark:forgotten_hat":1,"minecraft:bone":2,"minecraft:apple":2,"minecraft:cobbled_deepslate":2,"minecraft:iron_ingot":1,"minecraft:birch_sapling":2,"minecraft:furnace":1,"minecraft:stick":24,"minecraft:raw_iron":7,"minecraft:torch":1,"minecraft:pointed_dripstone":3,"minecraft:redstone":5,"minecraft:arrow":7,"regions_unexplored:redstone_bulb":1,"regions_unexplored:maple_sapling":1,"regions_unexplored:maple_log":8,"minecraft:oak_sapling":4,"minecraft:cobblestone":8},"minecraft:custom":{"minecraft:interact_with_furnace":11,"minecraft:mob_kills":1,"minecraft:interact_with_crafting_table":13,"minecraft:leave_game":2,"minecraft:time_since_death":23309,"minecraft:time_since_rest":23309,"minecraft:sprint_one_cm":32703,"minecraft:damage_taken":102,"minecraft:walk_one_cm":64519,"minecraft:damage_dealt":305,"minecraft:fly_one_cm":15260,"minecraft:open_chest":4,"minecraft:crouch_one_cm":1375,"minecraft:play_time":23309,"minecraft:sneak_time":425,"minecraft:walk_under_water_one_cm":424,"minecraft:jump":181,"minecraft:walk_on_water_one_cm":3371,"minecraft:total_world_time":23309,"minecraft:fall_one_cm":4391}},"DataVersion":3465}