{"stats":{"minecraft:crafted":{"minecraft:iron_boots":1,"minecraft:iron_chestplate":1,"minecraft:cooked_porkchop":5,"minecraft:iron_axe":1,"minecraft:stick":8,"minecraft:wooden_pickaxe":1,"minecraft:iron_pickaxe":1,"minecraft:iron_helmet":1,"minecraft:iron_sword":1,"minecraft:copper_ingot":29,"minecraft:birch_planks":28,"minecraft:air":0},"minecraft:used":{"minecraft:iron_axe":27,"minecraft:iron_pickaxe":106,"minecraft:wooden_pickaxe":7,"minecraft:iron_sword":3},"minecraft:mined":{"minecraft:deepslate_redstone_ore":58,"create:deepslate_zinc_ore":13,"minecraft:redstone_ore":15,"regions_unexplored:pointed_redstone":1,"minecraft:birch_log":7,"regions_unexplored:maple_log":8,"minecraft:birch_leaves":1,"minecraft:oak_log":16,"minecraft:copper_ore":1,"minecraft:deepslate_gold_ore":6,"minecraft:stone":8,"minecraft:deepslate":3,"regions_unexplored:redstone_bulb":1,"minecraft:deepslate_copper_ore":7},"minecraft:custom":{"minecraft:time_since_rest":15639,"minecraft:interact_with_furnace":4,"minecraft:sprint_one_cm":22095,"minecraft:damage_taken":62,"minecraft:walk_one_cm":46379,"minecraft:damage_dealt":180,"minecraft:interact_with_crafting_table":3,"minecraft:fly_one_cm":7738,"minecraft:open_chest":4,"minecraft:crouch_one_cm":1375,"minecraft:play_time":15639,"minecraft:sneak_time":425,"minecraft:jump":83,"minecraft:leave_game":1,"minecraft:walk_on_water_one_cm":465,"minecraft:time_since_death":15639,"minecraft:total_world_time":15639,"minecraft:fall_one_cm":1943},"minecraft:picked_up":{"regions_unexplored:pointed_redstone":7,"minecraft:birch_log":7,"minecraft:stick":18,"minecraft:oak_log":16,"minecraft:redstone":1,"minecraft:dirt":3,"regions_unexplored:redstone_bulb":1,"minecraft:apple":2,"regions_unexplored:maple_sapling":1,"minecraft:cobbled_deepslate":2,"regions_unexplored:maple_log":8,"minecraft:oak_sapling":4,"minecraft:birch_sapling":2,"minecraft:cobblestone":8}},"DataVersion":3465}