{"stats":{"minecraft:custom":{"minecraft:time_since_rest":11644,"minecraft:play_time":11644,"minecraft:sprint_one_cm":19224,"minecraft:walk_one_cm":14994,"minecraft:sneak_time":38,"minecraft:mob_kills":3,"minecraft:jump":108,"minecraft:damage_dealt":300,"minecraft:leave_game":1,"minecraft:time_since_death":11644,"minecraft:total_world_time":11644,"minecraft:fall_one_cm":3042,"minecraft:interact_with_crafting_table":6,"minecraft:fly_one_cm":18144},"minecraft:killed":{"minecraft:pig":3},"minecraft:used":{"minecraft:wooden_axe":2,"minecraft:wooden_sword":5,"minecraft:crafting_table":1,"alexsmobs:animal_dictionary":1},"minecraft:mined":{"minecraft:oak_log":4,"minecraft:oak_leaves":1,"minecraft:crafting_table":1},"minecraft:crafted":{"minecraft:wooden_sword":1,"minecraft:oak_planks":16,"minecraft:crafting_table":1,"minecraft:stick":8,"minecraft:wooden_pickaxe":1,"minecraft:wooden_axe":1},"minecraft:picked_up":{"minecraft:crafting_table":1,"minecraft:porkchop":4,"minecraft:oak_log":4,"minecraft:oak_sapling":2}},"DataVersion":3465}