{"stats":{"minecraft:crafted":{"minecraft:cooked_beef":6,"minecraft:crafting_table":3,"minecraft:iron_helmet":1,"minecraft:furnace":1,"minecraft:copper_ingot":7,"minecraft:air":0,"quark:dark_oak_chest":4,"minecraft:iron_boots":1,"minecraft:iron_axe":1,"minecraft:stick":20,"minecraft:iron_ingot":8,"minecraft:iron_pickaxe":3,"minecraft:dark_oak_planks":224,"minecraft:torch":28},"minecraft:killed":{"minecraft:pig":2,"minecraft:salmon":1,"minecraft:horse":4,"minecraft:zombie":1,"minecraft:chicken":1,"minecraft:cow":3},"minecraft:broken":{"minecraft:iron_pickaxe":2},"minecraft:used":{"minecraft:birch_planks":6,"minecraft:iron_sword":39,"minecraft:torch":11,"minecraft:dirt":4,"minecraft:crafting_table":4,"minecraft:salmon_bucket":1,"minecraft:black_terracotta":1,"minecraft:bread":1,"minecraft:iron_axe":61,"minecraft:melon_slice":33,"minecraft:iron_pickaxe":532,"travelersbackpack:white_sleeping_bag":2,"minecraft:tripwire_hook":2,"minecraft:cobblestone":10,"quark:dark_oak_chest":4,"minecraft:brown_carpet":1,"minecraft:furnace":1,"minecraft:bucket":1,"alexsmobs:animal_dictionary":1,"minecraft:cooked_beef":3,"minecraft:birch_stairs":3},"minecraft:dropped":{"minecraft:iron_ingot":23,"minecraft:wheat_seeds":1,"minecraft:crafting_table":1,"minecraft:lantern":2,"minecraft:nether_brick_fence":2,"minecraft:oak_sign":2,"minecraft:salmon":1,"minecraft:item_frame":1,"minecraft:poppy":1,"minecraft:flower_pot":2,"minecraft:oak_sapling":1,"minecraft:ladder":2,"minecraft:brown_carpet":2,"minecraft:dark_oak_planks":1,"minecraft:bucket":1,"minecraft:birch_stairs":1},"minecraft:mined":{"create:zinc_ore":19,"minecraft:birch_stairs":1,"minecraft:dark_oak_leaves":5,"minecraft:dark_oak_log":59,"minecraft:dandelion":1,"minecraft:crafting_table":2,"minecraft:grass_block":1,"travelersbackpack:white_sleeping_bag":3,"minecraft:tall_grass":1,"regions_unexplored:maple_leaves":1,"minecraft:lapis_ore":5,"regions_unexplored:raw_redstone_block":98,"minecraft:birch_planks":2,"minecraft:redstone_ore":34,"regions_unexplored:pointed_redstone":4,"minecraft:furnace":1,"regions_unexplored:redstone_bud":2,"minecraft:iron_ore":8,"minecraft:grass":11,"minecraft:coal_ore":43,"minecraft:oak_stairs":1,"minecraft:dirt":3,"regions_unexplored:medium_grass":8,"regions_unexplored:blackwood_leaves":5,"minecraft:tripwire_hook":1,"minecraft:stone_bricks":2,"minecraft:stone":278,"regions_unexplored:redstone_bulb":1,"minecraft:deepslate":34},"minecraft:custom":{"minecraft:interact_with_furnace":20,"minecraft:mob_kills":12,"minecraft:interact_with_crafting_table":20,"minecraft:open_barrel":12,"minecraft:bell_ring":16,"minecraft:eat_cake_slice":2,"minecraft:time_since_death":66722,"minecraft:sleep_in_bed":7,"minecraft:climb_one_cm":3626,"minecraft:time_since_rest":7362,"minecraft:waystone_activated":2,"minecraft:sprint_one_cm":161336,"minecraft:damage_taken":584,"minecraft:walk_one_cm":243270,"minecraft:drop":22,"minecraft:damage_dealt":1789,"minecraft:swim_one_cm":2045,"minecraft:talked_to_villager":8,"minecraft:fly_one_cm":266578,"minecraft:open_chest":26,"minecraft:crouch_one_cm":9588,"minecraft:play_time":66722,"minecraft:sneak_time":2369,"minecraft:walk_under_water_one_cm":12562,"minecraft:jump":1230,"minecraft:walk_on_water_one_cm":12938,"minecraft:total_world_time":66722,"minecraft:fall_one_cm":35557,"minecraft:inspect_dispenser":2},"minecraft:picked_up":{"regions_unexplored:pointed_redstone":2,"minecraft:crafting_table":2,"minecraft:cooked_beef":5,"minecraft:chicken":1,"minecraft:nether_brick_fence":2,"minecraft:ladder":2,"minecraft:flower_pot":2,"minecraft:tripwire_hook":2,"minecraft:salmon":2,"minecraft:leather":5,"minecraft:birch_planks":6,"minecraft:dirt":4,"minecraft:lantern":2,"minecraft:iron_leggings":1,"minecraft:item_frame":1,"minecraft:compass":1,"minecraft:bone":2,"minecraft:oak_sign":3,"minecraft:wheat_seeds":1,"minecraft:cobbled_deepslate":15,"minecraft:bucket":1,"minecraft:iron_ingot":17,"minecraft:beef":6,"minecraft:cooked_chicken":7,"minecraft:poppy":1,"minecraft:melon_slice":51,"minecraft:iron_sword":2,"minecraft:black_terracotta":1,"minecraft:birch_stairs":4,"minecraft:porkchop":4,"minecraft:redstone":4,"minecraft:dark_oak_log":50,"minecraft:dark_oak_planks":1,"minecraft:brown_carpet":3,"travelersbackpack:white_sleeping_bag":2,"minecraft:arrow":2,"regions_unexplored:redstone_bulb":1,"wardrobe:silk":1,"minecraft:gray_wool":5,"minecraft:oak_sapling":1,"minecraft:cobblestone":214}},"DataVersion":3465}