{"stats":{"minecraft:picked_up":{"minecraft:stick":5,"minecraft:oak_log":4,"minecraft:dirt":2,"minecraft:wheat_seeds":1,"minecraft:oak_sapling":3,"minecraft:black_wool":1,"minecraft:mutton":3,"minecraft:white_wool":1,"minecraft:cobblestone":17},"minecraft:killed":{"minecraft:sheep":2},"minecraft:mined":{"minecraft:grass":1,"minecraft:oak_log":4,"minecraft:grass_block":2,"minecraft:coal_ore":36,"minecraft:copper_ore":9,"minecraft:tall_grass":1,"minecraft:stone":17,"minecraft:oak_leaves":4},"minecraft:crafted":{"minecraft:oak_planks":16,"minecraft:crafting_table":1,"minecraft:stick":4,"minecraft:wooden_pickaxe":1,"minecraft:stone_pickaxe":1,"minecraft:stone_sword":1,"minecraft:furnace":1,"minecraft:torch":16},"minecraft:used":{"minecraft:stone_sword":5,"minecraft:stone_pickaxe":52,"minecraft:wooden_pickaxe":11,"minecraft:torch":1,"minecraft:dirt":1,"minecraft:crafting_table":1,"alexsmobs:animal_dictionary":1},"minecraft:custom":{"minecraft:time_since_rest":12021,"minecraft:sprint_one_cm":6582,"minecraft:damage_taken":60,"minecraft:walk_one_cm":14885,"minecraft:mob_kills":2,"minecraft:damage_dealt":204,"minecraft:interact_with_crafting_table":3,"minecraft:fly_one_cm":11333,"minecraft:crouch_one_cm":49,"minecraft:play_time":12021,"minecraft:sneak_time":30,"minecraft:jump":90,"minecraft:leave_game":2,"minecraft:time_since_death":12021,"minecraft:total_world_time":12021,"minecraft:fall_one_cm":1229}},"DataVersion":3465}