{"stats":{"minecraft:picked_up":{"minecraft:dirt":1},"minecraft:mined":{"minecraft:grass_block":1},"minecraft:used":{"alexsmobs:animal_dictionary":1,"minecraft:dirt":1},"minecraft:custom":{"minecraft:jump":20,"minecraft:time_since_rest":3907,"minecraft:leave_game":1,"minecraft:damage_dealt":44,"minecraft:crouch_one_cm":21,"minecraft:damage_taken":50,"minecraft:sprint_one_cm":2268,"minecraft:play_time":3907,"minecraft:time_since_death":3907,"minecraft:walk_one_cm":2380,"minecraft:sneak_time":26,"minecraft:total_world_time":3907,"minecraft:fall_one_cm":267,"minecraft:fly_one_cm":2224}},"DataVersion":3465}