{"stats":{"minecraft:crafted":{"minecraft:cooked_beef":6,"minecraft:iron_boots":1,"minecraft:iron_axe":1,"minecraft:crafting_table":1,"minecraft:iron_pickaxe":1,"minecraft:iron_helmet":1,"minecraft:dark_oak_planks":16,"minecraft:air":0},"minecraft:killed":{"minecraft:horse":4,"minecraft:pig":1,"minecraft:salmon":1,"minecraft:cow":3},"minecraft:used":{"minecraft:black_terracotta":1,"minecraft:birch_planks":3,"minecraft:iron_axe":57,"minecraft:melon_slice":20,"minecraft:iron_pickaxe":23,"minecraft:iron_sword":29,"minecraft:tripwire_hook":2,"minecraft:crafting_table":1,"minecraft:bucket":1,"alexsmobs:animal_dictionary":1,"minecraft:salmon_bucket":1,"minecraft:birch_stairs":3},"minecraft:dropped":{"minecraft:poppy":1,"minecraft:flower_pot":2,"minecraft:ladder":2,"minecraft:lantern":2,"minecraft:nether_brick_fence":2,"minecraft:bucket":1,"minecraft:birch_stairs":1,"minecraft:item_frame":1},"minecraft:mined":{"minecraft:birch_stairs":1,"minecraft:furnace":1,"minecraft:dark_oak_leaves":5,"minecraft:dark_oak_log":59,"minecraft:crafting_table":1,"minecraft:grass":1,"minecraft:coal_ore":22,"minecraft:tall_grass":1,"travelersbackpack:white_sleeping_bag":1,"regions_unexplored:blackwood_leaves":5,"minecraft:tripwire_hook":1},"minecraft:custom":{"minecraft:time_since_rest":13503,"minecraft:interact_with_furnace":7,"minecraft:sprint_one_cm":61428,"minecraft:damage_taken":292,"minecraft:walk_one_cm":67622,"minecraft:mob_kills":9,"minecraft:drop":12,"minecraft:damage_dealt":1414,"minecraft:swim_one_cm":2045,"minecraft:interact_with_crafting_table":5,"minecraft:fly_one_cm":111534,"minecraft:open_barrel":12,"minecraft:open_chest":2,"minecraft:crouch_one_cm":3130,"minecraft:play_time":24722,"minecraft:sneak_time":730,"minecraft:walk_under_water_one_cm":12562,"minecraft:jump":489,"minecraft:time_since_death":24722,"minecraft:walk_on_water_one_cm":12652,"minecraft:sleep_in_bed":3,"minecraft:climb_one_cm":3227,"minecraft:total_world_time":24722,"minecraft:fall_one_cm":13856,"minecraft:inspect_dispenser":2},"minecraft:picked_up":{"minecraft:crafting_table":1,"minecraft:black_terracotta":1,"minecraft:ladder":2,"minecraft:nether_brick_fence":2,"minecraft:flower_pot":2,"minecraft:tripwire_hook":2,"minecraft:salmon":1,"minecraft:leather":5,"minecraft:birch_planks":5,"minecraft:porkchop":2,"minecraft:birch_stairs":4,"minecraft:dark_oak_log":50,"minecraft:lantern":2,"travelersbackpack:white_sleeping_bag":1,"minecraft:iron_leggings":1,"minecraft:item_frame":1,"minecraft:compass":1,"minecraft:bone":2,"minecraft:arrow":2,"minecraft:bucket":1,"minecraft:beef":6,"minecraft:gray_wool":5,"minecraft:poppy":1,"minecraft:melon_slice":51,"minecraft:iron_sword":1}},"DataVersion":3465}