{"stats":{"minecraft:crafted":{"minecraft:oak_planks":48,"minecraft:cooked_porkchop":10,"minecraft:crafting_table":2,"minecraft:spruce_planks":28,"minecraft:wooden_pickaxe":1,"minecraft:furnace":2,"minecraft:stone_axe":2,"minecraft:cooked_mutton":7,"minecraft:air":0,"minecraft:shield":1,"minecraft:stick":24,"minecraft:iron_ingot":2,"minecraft:stone_pickaxe":2,"minecraft:stone_sword":1,"minecraft:white_bed":1,"minecraft:torch":60},"minecraft:broken":{"minecraft:stone_pickaxe":1},"minecraft:used":{"minecraft:stone_sword":65,"minecraft:stone_pickaxe":177,"minecraft:wooden_pickaxe":23,"minecraft:torch":23,"minecraft:dirt":3,"minecraft:crafting_table":6,"minecraft:white_bed":1,"minecraft:stone_axe":24,"minecraft:cobblestone":24,"minecraft:furnace":3,"minecraft:cooked_porkchop":7},"minecraft:custom":{"minecraft:interact_with_furnace":19,"minecraft:mob_kills":19,"minecraft:interact_with_crafting_table":19,"minecraft:leave_game":8,"minecraft:time_since_death":36999,"minecraft:sleep_in_bed":2,"minecraft:time_since_rest":16575,"minecraft:waystone_activated":3,"minecraft:sprint_one_cm":154840,"minecraft:damage_taken":655,"minecraft:walk_one_cm":156032,"minecraft:drop":1,"minecraft:damage_dealt":2137,"minecraft:swim_one_cm":11683,"minecraft:fly_one_cm":240851,"minecraft:crouch_one_cm":3250,"minecraft:play_time":48966,"minecraft:deaths":1,"minecraft:sneak_time":461,"minecraft:walk_under_water_one_cm":2369,"minecraft:jump":1109,"minecraft:walk_on_water_one_cm":3625,"minecraft:total_world_time":48966,"minecraft:fall_one_cm":32203},"minecraft:picked_up":{"minecraft:crafting_table":5,"minecraft:feather":1,"minecraft:lilac":1,"minecraft:chicken":1,"minecraft:andesite":5,"minecraft:leather":3,"minecraft:oak_log":12,"minecraft:dirt":27,"minecraft:bone":2,"minecraft:bow":1,"minecraft:wheat_seeds":1,"minecraft:bell":1,"minecraft:beef":7,"minecraft:furnace":2,"minecraft:stick":2,"minecraft:gravel":1,"minecraft:porkchop":10,"minecraft:diorite":18,"minecraft:spruce_log":7,"minecraft:granite":3,"minecraft:gray_wool":1,"minecraft:oak_sapling":6,"minecraft:mutton":7,"minecraft:coal":1,"minecraft:white_wool":3,"minecraft:cobblestone":63},"minecraft:killed":{"minecraft:pig":6,"minecraft:sheep":4,"minecraft:zombie":4,"minecraft:chicken":1,"minecraft:cow":3},"minecraft:killed_by":{"minecraft:creeper":1},"minecraft:mined":{"minecraft:crafting_table":5,"gravestone:gravestone":1,"minecraft:granite":3,"minecraft:grass_block":11,"minecraft:copper_ore":8,"minecraft:tall_grass":4,"minecraft:spruce_leaves":2,"minecraft:diorite":21,"minecraft:large_fern":1,"minecraft:furnace":2,"minecraft:iron_ore":4,"minecraft:lilac":1,"minecraft:spruce_log":7,"minecraft:andesite":5,"minecraft:grass":6,"minecraft:coal_ore":71,"minecraft:oak_log":10,"minecraft:gravel":1,"minecraft:dirt":16,"minecraft:pink_tulip":1,"minecraft:stone":64,"minecraft:oak_leaves":3},"minecraft:dropped":{"minecraft:stone_axe":1}},"DataVersion":3465}