{"stats":{"minecraft:crafted":{"minecraft:cooked_beef":6,"minecraft:crafting_table":1,"minecraft:iron_helmet":1,"minecraft:air":0,"minecraft:iron_boots":1,"minecraft:iron_axe":1,"minecraft:stick":8,"minecraft:iron_pickaxe":1,"minecraft:dark_oak_planks":16,"minecraft:torch":28},"minecraft:killed":{"minecraft:pig":2,"minecraft:salmon":1,"minecraft:horse":4,"minecraft:zombie":1,"minecraft:chicken":1,"minecraft:cow":3},"minecraft:used":{"minecraft:birch_planks":3,"minecraft:iron_sword":37,"minecraft:torch":11,"minecraft:dirt":1,"minecraft:crafting_table":2,"minecraft:salmon_bucket":1,"minecraft:black_terracotta":1,"minecraft:bread":1,"minecraft:iron_axe":57,"minecraft:melon_slice":30,"minecraft:iron_pickaxe":49,"travelersbackpack:white_sleeping_bag":1,"minecraft:tripwire_hook":2,"minecraft:bucket":1,"alexsmobs:animal_dictionary":1,"minecraft:cooked_beef":1,"minecraft:birch_stairs":3},"minecraft:dropped":{"minecraft:lantern":2,"minecraft:nether_brick_fence":2,"minecraft:item_frame":1,"minecraft:poppy":1,"minecraft:flower_pot":2,"minecraft:ladder":2,"minecraft:dark_oak_planks":1,"minecraft:bucket":1,"minecraft:birch_stairs":1},"minecraft:mined":{"create:zinc_ore":5,"minecraft:birch_stairs":1,"minecraft:dark_oak_leaves":5,"minecraft:dark_oak_log":59,"minecraft:crafting_table":1,"minecraft:grass_block":1,"travelersbackpack:white_sleeping_bag":2,"minecraft:tall_grass":1,"minecraft:furnace":1,"minecraft:grass":1,"minecraft:coal_ore":43,"regions_unexplored:medium_grass":1,"regions_unexplored:blackwood_leaves":5,"minecraft:tripwire_hook":1},"minecraft:custom":{"minecraft:interact_with_furnace":7,"minecraft:mob_kills":12,"minecraft:interact_with_crafting_table":8,"minecraft:open_barrel":12,"minecraft:time_since_death":36722,"minecraft:sleep_in_bed":4,"minecraft:climb_one_cm":3227,"minecraft:time_since_rest":11390,"minecraft:waystone_activated":1,"minecraft:sprint_one_cm":103400,"minecraft:damage_taken":434,"minecraft:walk_one_cm":100311,"minecraft:drop":13,"minecraft:damage_dealt":1754,"minecraft:swim_one_cm":2045,"minecraft:fly_one_cm":203295,"minecraft:open_chest":3,"minecraft:crouch_one_cm":3190,"minecraft:play_time":36722,"minecraft:sneak_time":818,"minecraft:walk_under_water_one_cm":12562,"minecraft:jump":853,"minecraft:walk_on_water_one_cm":12938,"minecraft:total_world_time":36722,"minecraft:fall_one_cm":28505,"minecraft:inspect_dispenser":2},"minecraft:picked_up":{"minecraft:crafting_table":1,"minecraft:chicken":1,"minecraft:nether_brick_fence":2,"minecraft:ladder":2,"minecraft:flower_pot":2,"minecraft:tripwire_hook":2,"minecraft:salmon":1,"minecraft:leather":5,"minecraft:birch_planks":5,"minecraft:dirt":1,"minecraft:lantern":2,"minecraft:iron_leggings":1,"minecraft:item_frame":1,"minecraft:compass":1,"minecraft:bone":2,"minecraft:bucket":1,"minecraft:beef":6,"minecraft:poppy":1,"minecraft:melon_slice":51,"minecraft:iron_sword":1,"minecraft:black_terracotta":1,"minecraft:birch_stairs":4,"minecraft:porkchop":4,"minecraft:dark_oak_log":50,"minecraft:dark_oak_planks":1,"travelersbackpack:white_sleeping_bag":2,"minecraft:arrow":2,"minecraft:gray_wool":5}},"DataVersion":3465}