{"stats":{"minecraft:crafted":{"minecraft:cooked_beef":6,"minecraft:crafting_table":2,"minecraft:iron_helmet":1,"minecraft:air":0,"quark:dark_oak_chest":2,"minecraft:iron_boots":1,"minecraft:iron_axe":1,"minecraft:stick":8,"minecraft:iron_ingot":5,"minecraft:iron_pickaxe":1,"minecraft:dark_oak_planks":224,"minecraft:torch":28},"minecraft:killed":{"minecraft:pig":2,"minecraft:salmon":1,"minecraft:horse":4,"minecraft:zombie":1,"minecraft:chicken":1,"minecraft:cow":3},"minecraft:used":{"minecraft:birch_planks":6,"minecraft:iron_sword":39,"minecraft:torch":11,"minecraft:dirt":1,"minecraft:crafting_table":3,"minecraft:salmon_bucket":1,"minecraft:black_terracotta":1,"minecraft:bread":1,"minecraft:iron_axe":61,"minecraft:melon_slice":33,"minecraft:iron_pickaxe":138,"travelersbackpack:white_sleeping_bag":2,"minecraft:tripwire_hook":2,"quark:dark_oak_chest":2,"minecraft:bucket":1,"alexsmobs:animal_dictionary":1,"minecraft:cooked_beef":2,"minecraft:birch_stairs":3},"minecraft:dropped":{"minecraft:wheat_seeds":1,"minecraft:crafting_table":1,"minecraft:lantern":2,"minecraft:nether_brick_fence":2,"minecraft:oak_sign":2,"minecraft:salmon":1,"minecraft:item_frame":1,"minecraft:poppy":1,"minecraft:flower_pot":2,"minecraft:oak_sapling":1,"minecraft:ladder":2,"minecraft:dark_oak_planks":1,"minecraft:bucket":1,"minecraft:birch_stairs":1},"minecraft:mined":{"create:zinc_ore":19,"minecraft:birch_stairs":1,"minecraft:dark_oak_leaves":5,"minecraft:dark_oak_log":59,"minecraft:dandelion":1,"minecraft:crafting_table":2,"minecraft:grass_block":1,"travelersbackpack:white_sleeping_bag":3,"minecraft:tall_grass":1,"regions_unexplored:maple_leaves":1,"minecraft:birch_planks":2,"minecraft:furnace":1,"minecraft:grass":11,"minecraft:coal_ore":43,"minecraft:oak_stairs":1,"regions_unexplored:medium_grass":8,"regions_unexplored:blackwood_leaves":5,"minecraft:tripwire_hook":1,"minecraft:stone":75},"minecraft:custom":{"minecraft:interact_with_furnace":15,"minecraft:mob_kills":12,"minecraft:interact_with_crafting_table":13,"minecraft:open_barrel":12,"minecraft:bell_ring":16,"minecraft:eat_cake_slice":2,"minecraft:time_since_death":54722,"minecraft:sleep_in_bed":6,"minecraft:climb_one_cm":3626,"minecraft:time_since_rest":14796,"minecraft:waystone_activated":2,"minecraft:sprint_one_cm":155143,"minecraft:damage_taken":581,"minecraft:walk_one_cm":203925,"minecraft:drop":19,"minecraft:damage_dealt":1785,"minecraft:swim_one_cm":2045,"minecraft:talked_to_villager":8,"minecraft:fly_one_cm":263887,"minecraft:open_chest":20,"minecraft:crouch_one_cm":8775,"minecraft:play_time":54722,"minecraft:sneak_time":1981,"minecraft:walk_under_water_one_cm":12562,"minecraft:jump":1124,"minecraft:walk_on_water_one_cm":12938,"minecraft:total_world_time":54722,"minecraft:fall_one_cm":35079,"minecraft:inspect_dispenser":2},"minecraft:picked_up":{"minecraft:crafting_table":2,"minecraft:cooked_beef":5,"minecraft:chicken":1,"minecraft:nether_brick_fence":2,"minecraft:ladder":2,"minecraft:flower_pot":2,"minecraft:tripwire_hook":2,"minecraft:salmon":2,"minecraft:leather":5,"minecraft:birch_planks":6,"minecraft:dirt":1,"minecraft:lantern":2,"minecraft:iron_leggings":1,"minecraft:item_frame":1,"minecraft:compass":1,"minecraft:bone":2,"minecraft:oak_sign":2,"minecraft:wheat_seeds":1,"minecraft:bucket":1,"minecraft:iron_ingot":17,"minecraft:beef":6,"minecraft:cooked_chicken":7,"minecraft:poppy":1,"minecraft:melon_slice":51,"minecraft:iron_sword":2,"minecraft:black_terracotta":1,"minecraft:birch_stairs":4,"minecraft:porkchop":4,"minecraft:dark_oak_log":50,"minecraft:dark_oak_planks":1,"travelersbackpack:white_sleeping_bag":2,"minecraft:arrow":2,"wardrobe:silk":1,"minecraft:gray_wool":5,"minecraft:oak_sapling":1,"minecraft:cobblestone":73}},"DataVersion":3465}