{"stats":{"minecraft:crafted":{"minecraft:iron_boots":1,"minecraft:iron_axe":1,"minecraft:crafting_table":1,"minecraft:iron_pickaxe":1,"minecraft:iron_helmet":1,"minecraft:dark_oak_planks":16},"minecraft:killed":{"minecraft:salmon":1},"minecraft:used":{"minecraft:black_terracotta":1,"minecraft:birch_planks":3,"minecraft:iron_axe":1,"minecraft:iron_sword":2,"minecraft:crafting_table":1,"minecraft:bucket":1,"alexsmobs:animal_dictionary":1,"minecraft:salmon_bucket":1,"minecraft:birch_stairs":3},"minecraft:dropped":{"minecraft:poppy":1,"minecraft:ladder":1},"minecraft:mined":{"minecraft:birch_stairs":1,"minecraft:dark_oak_leaves":5,"minecraft:dark_oak_log":4,"minecraft:crafting_table":1,"minecraft:grass":1,"travelersbackpack:white_sleeping_bag":1,"regions_unexplored:blackwood_leaves":5,"minecraft:tripwire_hook":1},"minecraft:custom":{"minecraft:time_since_rest":1503,"minecraft:sprint_one_cm":20327,"minecraft:damage_taken":220,"minecraft:walk_one_cm":33325,"minecraft:mob_kills":1,"minecraft:drop":2,"minecraft:damage_dealt":34,"minecraft:interact_with_crafting_table":4,"minecraft:fly_one_cm":17672,"minecraft:open_barrel":12,"minecraft:open_chest":2,"minecraft:crouch_one_cm":1312,"minecraft:play_time":12722,"minecraft:sneak_time":439,"minecraft:walk_under_water_one_cm":10567,"minecraft:jump":136,"minecraft:time_since_death":12722,"minecraft:walk_on_water_one_cm":6793,"minecraft:sleep_in_bed":3,"minecraft:climb_one_cm":3035,"minecraft:total_world_time":12722,"minecraft:fall_one_cm":3419,"minecraft:inspect_dispenser":2},"minecraft:picked_up":{"minecraft:crafting_table":1,"minecraft:black_terracotta":1,"minecraft:ladder":2,"minecraft:nether_brick_fence":1,"minecraft:flower_pot":1,"minecraft:tripwire_hook":2,"minecraft:salmon":1,"minecraft:birch_planks":5,"minecraft:birch_stairs":4,"minecraft:dark_oak_log":4,"minecraft:lantern":1,"travelersbackpack:white_sleeping_bag":1,"minecraft:iron_leggings":1,"minecraft:item_frame":1,"minecraft:compass":1,"minecraft:bone":2,"minecraft:arrow":2,"minecraft:gray_wool":5,"minecraft:poppy":1,"minecraft:melon_slice":51,"minecraft:iron_sword":1}},"DataVersion":3465}