{"stats":{"minecraft:crafted":{"minecraft:cooked_beef":6,"minecraft:crafting_table":3,"minecraft:iron_helmet":1,"minecraft:furnace":1,"minecraft:copper_ingot":7,"minecraft:air":0,"quark:dark_oak_chest":4,"minecraft:iron_boots":1,"minecraft:iron_axe":1,"minecraft:stick":20,"minecraft:iron_ingot":75,"minecraft:iron_pickaxe":4,"minecraft:dark_oak_planks":224,"minecraft:torch":28,"minecraft:oak_planks":4},"minecraft:dropped":{"minecraft:iron_ingot":23,"minecraft:porkchop":2,"minecraft:wheat_seeds":1,"minecraft:raw_copper":750,"minecraft:crafting_table":1,"minecraft:lantern":2,"minecraft:nether_brick_fence":2,"minecraft:oak_sign":2,"minecraft:salmon":1,"minecraft:item_frame":1,"minecraft:poppy":1,"minecraft:flower_pot":2,"minecraft:oak_sapling":1,"minecraft:ladder":2,"create:iron_sheet":1,"minecraft:brown_carpet":2,"minecraft:iron_pickaxe":1,"minecraft:dark_oak_planks":1,"minecraft:bucket":2,"minecraft:birch_stairs":1},"minecraft:killed":{"minecraft:pig":2,"minecraft:salmon":1,"minecraft:horse":4,"minecraft:skeleton":1,"minecraft:zombie":3,"minecraft:chicken":1,"minecraft:cow":3},"minecraft:broken":{"minecraft:iron_pickaxe":2},"minecraft:used":{"minecraft:water_bucket":2,"minecraft:birch_planks":6,"minecraft:iron_sword":49,"minecraft:cooked_chicken":1,"minecraft:torch":11,"minecraft:dirt":4,"minecraft:crafting_table":4,"minecraft:salmon_bucket":1,"minecraft:black_terracotta":1,"minecraft:bread":1,"minecraft:iron_axe":78,"minecraft:melon_slice":51,"minecraft:iron_pickaxe":606,"travelersbackpack:white_sleeping_bag":2,"minecraft:tripwire_hook":2,"minecraft:cobblestone":76,"quark:dark_oak_chest":4,"minecraft:brown_carpet":1,"minecraft:furnace":1,"minecraft:bucket":2,"alexsmobs:animal_dictionary":1,"minecraft:cooked_beef":3,"minecraft:birch_stairs":3,"minecraft:pointed_dripstone":1},"minecraft:mined":{"create:zinc_ore":19,"minecraft:birch_stairs":1,"minecraft:tuff":2,"minecraft:dark_oak_leaves":5,"minecraft:dark_oak_log":59,"minecraft:dandelion":1,"minecraft:clay":2,"minecraft:crafting_table":2,"minecraft:grass_block":1,"minecraft:tall_grass":1,"travelersbackpack:white_sleeping_bag":3,"regions_unexplored:maple_leaves":1,"minecraft:moss_block":1,"minecraft:lapis_ore":5,"regions_unexplored:raw_redstone_block":98,"minecraft:birch_planks":2,"minecraft:redstone_ore":34,"regions_unexplored:pointed_redstone":4,"minecraft:furnace":1,"regions_unexplored:redstone_bud":2,"minecraft:iron_ore":8,"minecraft:andesite":12,"minecraft:deepslate_lapis_ore":3,"minecraft:grass":15,"minecraft:oak_log":10,"minecraft:coal_ore":71,"minecraft:oak_stairs":1,"minecraft:dirt":4,"create:veridium":1,"regions_unexplored:medium_grass":10,"regions_unexplored:blackwood_leaves":5,"minecraft:tripwire_hook":1,"minecraft:stone":299,"minecraft:stone_bricks":2,"minecraft:gold_ore":1,"minecraft:deepslate":35,"regions_unexplored:redstone_bulb":1},"minecraft:picked_up":{"regions_unexplored:pointed_redstone":2,"create:iron_sheet":1,"minecraft:clay_ball":24,"minecraft:glow_ink_sac":1,"minecraft:crafting_table":2,"minecraft:cooked_beef":5,"minecraft:nether_brick_fence":2,"minecraft:chicken":1,"minecraft:ladder":2,"minecraft:flower_pot":2,"minecraft:tripwire_hook":2,"minecraft:andesite":11,"minecraft:salmon":2,"minecraft:leather":5,"minecraft:birch_planks":6,"minecraft:tuff":1,"minecraft:oak_log":1,"create:andesite_alloy":1,"minecraft:gunpowder":2,"minecraft:lapis_lazuli":5,"minecraft:dirt":9,"minecraft:lantern":2,"minecraft:raw_copper":750,"minecraft:iron_leggings":1,"minecraft:item_frame":1,"minecraft:compass":1,"minecraft:bone":2,"minecraft:oak_sign":3,"minecraft:wheat_seeds":2,"minecraft:cobbled_deepslate":15,"minecraft:raw_gold":1,"minecraft:bucket":1,"minecraft:iron_ingot":17,"minecraft:beef":7,"minecraft:cooked_chicken":7,"minecraft:poppy":1,"minecraft:moss_block":2,"minecraft:melon_slice":51,"minecraft:iron_sword":2,"minecraft:raw_iron":1,"minecraft:black_terracotta":1,"minecraft:porkchop":5,"minecraft:birch_stairs":4,"minecraft:pointed_dripstone":1,"minecraft:redstone":4,"minecraft:dark_oak_log":50,"minecraft:dark_oak_planks":1,"minecraft:brown_carpet":3,"travelersbackpack:white_sleeping_bag":2,"minecraft:rotten_flesh":3,"minecraft:arrow":3,"regions_unexplored:redstone_bulb":1,"minecraft:gold_ingot":14,"create:veridium":1,"wardrobe:silk":1,"minecraft:gray_wool":5,"minecraft:oak_sapling":1,"minecraft:cobblestone":226},"minecraft:custom":{"minecraft:interact_with_furnace":26,"minecraft:mob_kills":15,"minecraft:interact_with_crafting_table":37,"minecraft:open_barrel":12,"minecraft:bell_ring":16,"minecraft:eat_cake_slice":2,"minecraft:leave_game":1,"minecraft:time_since_death":98505,"minecraft:sleep_in_bed":9,"minecraft:climb_one_cm":4039,"minecraft:time_since_rest":1493,"minecraft:waystone_activated":2,"minecraft:sprint_one_cm":223120,"minecraft:damage_taken":829,"minecraft:walk_one_cm":381073,"minecraft:drop":30,"minecraft:damage_dealt":2752,"minecraft:swim_one_cm":2045,"minecraft:talked_to_villager":8,"minecraft:fly_one_cm":390098,"minecraft:open_chest":38,"minecraft:crouch_one_cm":11612,"minecraft:play_time":98505,"minecraft:sneak_time":3312,"minecraft:walk_under_water_one_cm":14299,"minecraft:jump":2006,"minecraft:walk_on_water_one_cm":17813,"minecraft:total_world_time":98505,"minecraft:fall_one_cm":56487,"minecraft:inspect_dispenser":2}},"DataVersion":3465}