{"stats":{"minecraft:crafted":{"minecraft:cooked_porkchop":8,"minecraft:crafting_table":1,"minecraft:spruce_planks":28,"minecraft:stick":12,"minecraft:wooden_pickaxe":1,"minecraft:stone_pickaxe":2,"minecraft:stone_sword":1,"minecraft:furnace":2,"minecraft:white_bed":1,"minecraft:torch":12,"minecraft:stone_axe":2,"minecraft:cooked_mutton":5,"minecraft:air":0},"minecraft:broken":{"minecraft:stone_pickaxe":1},"minecraft:used":{"minecraft:stone_sword":39,"minecraft:stone_pickaxe":143,"minecraft:wooden_pickaxe":23,"minecraft:torch":8,"minecraft:stone_axe":23,"minecraft:dirt":3,"minecraft:cobblestone":5,"minecraft:crafting_table":5,"minecraft:furnace":2,"minecraft:cooked_porkchop":4,"minecraft:white_bed":1},"minecraft:custom":{"minecraft:time_since_rest":7062,"minecraft:waystone_activated":3,"minecraft:damage_taken":522,"minecraft:interact_with_furnace":11,"minecraft:sprint_one_cm":117808,"minecraft:walk_one_cm":121605,"minecraft:mob_kills":10,"minecraft:drop":1,"minecraft:damage_dealt":1288,"minecraft:swim_one_cm":10402,"minecraft:interact_with_crafting_table":10,"minecraft:fly_one_cm":170683,"minecraft:crouch_one_cm":1550,"minecraft:play_time":39453,"minecraft:deaths":1,"minecraft:sneak_time":301,"minecraft:walk_under_water_one_cm":2035,"minecraft:jump":858,"minecraft:leave_game":7,"minecraft:time_since_death":27486,"minecraft:walk_on_water_one_cm":2427,"minecraft:sleep_in_bed":2,"minecraft:total_world_time":39453,"minecraft:fall_one_cm":21400},"minecraft:picked_up":{"minecraft:stick":2,"minecraft:crafting_table":4,"minecraft:lilac":1,"minecraft:gravel":1,"minecraft:porkchop":9,"minecraft:oak_log":12,"minecraft:diorite":18,"minecraft:spruce_log":7,"minecraft:dirt":27,"minecraft:bone":1,"minecraft:bow":1,"minecraft:wheat_seeds":1,"minecraft:bell":1,"minecraft:oak_sapling":6,"minecraft:coal":1,"minecraft:mutton":5,"minecraft:white_wool":3,"minecraft:cobblestone":55,"minecraft:furnace":1},"minecraft:killed":{"minecraft:sheep":3,"minecraft:zombie":2,"minecraft:pig":5},"minecraft:killed_by":{"minecraft:creeper":1},"minecraft:dropped":{"minecraft:stone_axe":1},"minecraft:mined":{"minecraft:large_fern":1,"minecraft:furnace":1,"minecraft:iron_ore":2,"minecraft:lilac":1,"minecraft:spruce_log":7,"minecraft:crafting_table":4,"gravestone:gravestone":1,"minecraft:grass":5,"minecraft:grass_block":11,"minecraft:oak_log":10,"minecraft:coal_ore":57,"minecraft:gravel":1,"minecraft:dirt":16,"minecraft:tall_grass":2,"minecraft:copper_ore":8,"minecraft:spruce_leaves":2,"minecraft:stone":55,"minecraft:diorite":21,"minecraft:oak_leaves":3}},"DataVersion":3465}