{"stats":{"minecraft:crafted":{"regions_unexplored:blackwood_planks":12,"minecraft:cooked_chicken":1,"minecraft:furnace":2,"minecraft:cooked_mutton":7,"travelersbackpack:white_sleeping_bag":3,"minecraft:iron_boots":1,"minecraft:stone_pickaxe":1,"minecraft:dark_oak_planks":196,"minecraft:cooked_porkchop":1,"minecraft:crafting_table":2,"minecraft:wooden_pickaxe":1,"minecraft:stone_axe":1,"minecraft:air":0,"minecraft:stick":28,"minecraft:iron_pickaxe":3,"minecraft:iron_ingot":20,"minecraft:wooden_axe":3,"minecraft:iron_leggings":1},"minecraft:killed":{"alexsmobs:lobster":3,"minecraft:spider":1,"minecraft:horse":5,"minecraft:skeleton":5,"minecraft:fox":1,"minecraft:tropical_fish":11,"alexsmobs:flying_fish":1,"minecraft:pig":8,"enemyexpansion:sprinter":1,"minecraft:sheep":11,"minecraft:zombie":3,"enemyexpansion:botfly":2,"minecraft:cow":4,"enemyexpansion:wasp":1},"minecraft:broken":{"minecraft:stone_axe":1,"minecraft:iron_pickaxe":3,"minecraft:wooden_axe":2},"minecraft:used":{"minecraft:tropical_fish":6,"minecraft:oak_sign":4,"minecraft:shield":19,"minecraft:iron_sword":83,"minecraft:rotten_flesh":6,"minecraft:white_carpet":1,"regions_unexplored:clover":1,"minecraft:tuff":48,"minecraft:big_dripleaf":2,"minecraft:wooden_axe":138,"alexsmobs:lobster_tail":1,"minecraft:lantern":1,"minecraft:spruce_button":1,"minecraft:bow":1,"minecraft:furnace":2,"regions_unexplored:blackwood_log":6,"minecraft:cooked_mutton":8,"minecraft:birch_planks":1,"minecraft:stone_pickaxe":64,"minecraft:wooden_pickaxe":8,"minecraft:crafting_table":2,"alexsmobs:flying_fish":1,"minecraft:melon_slice":31,"travelersbackpack:white_sleeping_bag":8,"minecraft:iron_pickaxe":786,"minecraft:stone_axe":105,"minecraft:cobblestone":17,"minecraft:porkchop":2,"minecraft:cooked_porkchop":4,"minecraft:experience_bottle":1},"minecraft:killed_by":{"mythicmounts:dragon":1,"enemyexpansion:invisicreeper":2},"minecraft:dropped":{"minecraft:iron_ingot":17,"minecraft:wheat_seeds":2,"minecraft:cobblestone":1,"minecraft:stick":1,"minecraft:dirt":3,"minecraft:mutton":2,"minecraft:melon_slice":103,"gravestone:obituary":8,"minecraft:oak_stairs":1,"minecraft:bone_meal":1,"minecraft:string":2,"alexsmobs:animal_dictionary":1,"minecraft:cobbled_deepslate":1,"minecraft:tuff":47,"minecraft:raw_iron":7,"regions_unexplored:clover":5,"minecraft:cooked_mutton":2,"minecraft:gunpowder":2,"travelersbackpack:white_sleeping_bag":2,"minecraft:spruce_planks":2,"minecraft:oak_sapling":3,"minecraft:stone_pickaxe":1},"minecraft:mined":{"create:zinc_ore":2,"create:deepslate_zinc_ore":70,"minecraft:tuff":95,"regions_unexplored:blue_lupine":1,"minecraft:deepslate_diamond_ore":12,"regions_unexplored:pink_lupine":2,"minecraft:dark_oak_log":56,"minecraft:potted_blue_orchid":1,"minecraft:brewing_stand":1,"gravestone:gravestone":6,"minecraft:redstone_wire":1,"travelersbackpack:white_sleeping_bag":5,"regions_unexplored:raw_redstone_block":103,"minecraft:spawner":5,"minecraft:large_fern":1,"minecraft:hay_block":7,"regions_unexplored:stone_bud":1,"minecraft:iron_ore":42,"regions_unexplored:larch_leaves":2,"minecraft:azure_bluet":1,"minecraft:deepslate_iron_ore":47,"regions_unexplored:medium_grass":12,"minecraft:stone":239,"regions_unexplored:redstone_bulb":1,"minecraft:spruce_button":1,"minecraft:melon":40,"regions_unexplored:blackwood_log":63,"minecraft:copper_ore":40,"minecraft:tall_grass":3,"minecraft:cobblestone":1,"minecraft:deepslate_gold_ore":12,"minecraft:deepslate_copper_ore":10,"minecraft:spruce_stairs":1,"minecraft:birch_planks":1,"regions_unexplored:redstone_bud":2,"minecraft:white_carpet":4,"regions_unexplored:sandy_grass":5,"minecraft:grass":9,"minecraft:coal_ore":115,"minecraft:oak_log":17,"minecraft:dirt":3,"regions_unexplored:clover":11,"minecraft:deepslate":55,"minecraft:oak_leaves":3,"minecraft:fern":2},"minecraft:custom":{"minecraft:mob_kills":59,"minecraft:interact_with_crafting_table":22,"minecraft:open_barrel":8,"minecraft:eat_cake_slice":8,"minecraft:time_since_death":68362,"minecraft:climb_one_cm":2065,"minecraft:sprint_one_cm":539517,"minecraft:walk_one_cm":287777,"minecraft:damage_blocked_by_shield":1090,"minecraft:drop":34,"minecraft:talked_to_villager":1,"minecraft:play_time":124405,"minecraft:deaths":7,"minecraft:sneak_time":2051,"minecraft:walk_under_water_one_cm":36443,"minecraft:jump":3101,"minecraft:walk_on_water_one_cm":40298,"minecraft:total_world_time":124405,"minecraft:interact_with_furnace":22,"spartanshields:shield_bash_hits":1,"minecraft:sleep_in_bed":7,"minecraft:time_since_rest":7362,"minecraft:waystone_activated":1,"minecraft:damage_taken":3239,"minecraft:damage_dealt":5496,"minecraft:swim_one_cm":130965,"minecraft:fly_one_cm":673579,"minecraft:open_chest":20,"minecraft:crouch_one_cm":4189,"minecraft:fall_one_cm":97158,"minecraft:inspect_dispenser":1},"minecraft:picked_up":{"regions_unexplored:pointed_redstone":15,"minecraft:iron_chestplate":1,"minecraft:azure_bluet":1,"minecraft:clay_ball":77,"minecraft:oak_stairs":1,"gravestone:obituary":1,"minecraft:shield":1,"minecraft:string":4,"minecraft:moss_carpet":1,"minecraft:white_carpet":2,"minecraft:experience_bottle":1,"minecraft:oak_sign":4,"minecraft:cobbled_deepslate":72,"minecraft:spruce_planks":2,"minecraft:beef":9,"minecraft:iron_pickaxe":1,"minecraft:melon_slice":202,"regions_unexplored:blackwood_log":17,"minecraft:stick":3,"minecraft:big_dripleaf":2,"minecraft:torch":1,"minecraft:porkchop":10,"minecraft:redstone":8,"minecraft:arrow":9,"minecraft:rotten_flesh":8,"regions_unexplored:redstone_bulb":3,"minecraft:tropical_fish":12,"minecraft:hay_block":7,"minecraft:mutton":14,"alexsmobs:lobster_tail":1,"minecraft:white_wool":15,"alexsmobs:flying_fish":1,"minecraft:cobblestone":297,"minecraft:clock":1,"minecraft:feather":5,"minecraft:leather":15,"wardrobe:fox_hide":1,"minecraft:birch_planks":1,"minecraft:tuff":2,"minecraft:gunpowder":6,"minecraft:dirt":5,"minecraft:lantern":1,"minecraft:cooked_mutton":9,"minecraft:bone":1,"minecraft:bow":1,"minecraft:wheat_seeds":6,"minecraft:raw_gold":1,"minecraft:rabbit_hide":1,"minecraft:iron_ingot":25,"minecraft:moss_block":4,"minecraft:iron_sword":1,"minecraft:flowering_azalea":1,"minecraft:cooked_porkchop":3,"minecraft:dark_oak_log":49,"regions_unexplored:pink_lupine":1,"travelersbackpack:white_sleeping_bag":7,"waystones:waystone":2,"regions_unexplored:clover":18,"minecraft:bone_meal":1,"minecraft:spruce_button":1,"minecraft:emerald":2,"minecraft:bread":7,"minecraft:oak_sapling":3}},"DataVersion":3465}