{"stats":{"minecraft:crafted":{"regions_unexplored:blackwood_planks":12,"minecraft:dark_oak_planks":196,"minecraft:crafting_table":2,"minecraft:stick":20,"minecraft:wooden_pickaxe":1,"minecraft:wooden_axe":3},"minecraft:killed":{"minecraft:zombie":3,"minecraft:pig":1,"enemyexpansion:botfly":2},"minecraft:broken":{"minecraft:wooden_axe":2},"minecraft:used":{"minecraft:wooden_axe":138,"minecraft:crafting_table":2,"regions_unexplored:blackwood_log":6},"minecraft:dropped":{"minecraft:wheat_seeds":2,"alexsmobs:animal_dictionary":1},"minecraft:mined":{"minecraft:large_fern":1,"minecraft:grass":2,"regions_unexplored:blackwood_log":63,"minecraft:tall_grass":1,"regions_unexplored:medium_grass":4,"minecraft:dark_oak_log":56,"minecraft:fern":1},"minecraft:custom":{"minecraft:time_since_rest":10405,"minecraft:play_time":10405,"minecraft:sprint_one_cm":30098,"minecraft:damage_taken":99,"minecraft:walk_one_cm":19432,"minecraft:walk_under_water_one_cm":2988,"minecraft:mob_kills":6,"minecraft:drop":2,"minecraft:jump":210,"minecraft:damage_dealt":791,"minecraft:time_since_death":10405,"minecraft:walk_on_water_one_cm":3327,"minecraft:climb_one_cm":1166,"minecraft:total_world_time":10405,"minecraft:swim_one_cm":23042,"minecraft:interact_with_crafting_table":4,"minecraft:fall_one_cm":5824,"minecraft:fly_one_cm":40168},"minecraft:picked_up":{"minecraft:stick":2,"minecraft:rotten_flesh":4,"minecraft:wheat_seeds":2,"minecraft:porkchop":2,"minecraft:dark_oak_log":49,"regions_unexplored:blackwood_log":17}},"DataVersion":3465}