{"stats":{"minecraft:crafted":{"regions_unexplored:blackwood_planks":12,"minecraft:cooked_porkchop":1,"minecraft:crafting_table":2,"minecraft:wooden_pickaxe":1,"minecraft:furnace":2,"minecraft:stone_axe":1,"minecraft:cooked_mutton":3,"minecraft:air":0,"travelersbackpack:white_sleeping_bag":2,"minecraft:stick":20,"minecraft:iron_ingot":3,"minecraft:iron_pickaxe":1,"minecraft:stone_pickaxe":1,"minecraft:wooden_axe":3,"minecraft:dark_oak_planks":196},"minecraft:killed":{"alexsmobs:lobster":3,"minecraft:pig":4,"minecraft:spider":1,"enemyexpansion:sprinter":1,"minecraft:sheep":3,"minecraft:horse":1,"minecraft:skeleton":2,"minecraft:zombie":3,"enemyexpansion:botfly":2,"minecraft:tropical_fish":11},"minecraft:broken":{"minecraft:iron_pickaxe":1,"minecraft:wooden_axe":2},"minecraft:used":{"minecraft:cooked_mutton":1,"minecraft:tropical_fish":6,"minecraft:stone_pickaxe":64,"minecraft:shield":10,"minecraft:wooden_pickaxe":8,"minecraft:iron_sword":21,"minecraft:rotten_flesh":6,"minecraft:crafting_table":2,"regions_unexplored:clover":1,"minecraft:tuff":48,"minecraft:big_dripleaf":2,"minecraft:wooden_axe":138,"alexsmobs:lobster_tail":1,"minecraft:iron_pickaxe":277,"travelersbackpack:white_sleeping_bag":3,"minecraft:stone_axe":20,"minecraft:cooked_porkchop":4,"minecraft:furnace":2,"minecraft:porkchop":2,"regions_unexplored:blackwood_log":6},"minecraft:killed_by":{"mythicmounts:dragon":1,"enemyexpansion:invisicreeper":2},"minecraft:dropped":{"minecraft:wheat_seeds":2,"minecraft:cobbled_deepslate":1,"alexsmobs:animal_dictionary":1,"minecraft:raw_iron":7,"regions_unexplored:clover":5,"minecraft:cooked_mutton":2,"minecraft:gunpowder":2,"gravestone:obituary":8,"minecraft:stone_pickaxe":1},"minecraft:mined":{"create:zinc_ore":2,"create:deepslate_zinc_ore":70,"minecraft:tuff":95,"minecraft:deepslate_diamond_ore":12,"minecraft:dark_oak_log":56,"gravestone:gravestone":6,"regions_unexplored:blackwood_log":63,"travelersbackpack:white_sleeping_bag":2,"minecraft:tall_grass":1,"minecraft:copper_ore":5,"minecraft:deepslate_gold_ore":12,"minecraft:large_fern":1,"minecraft:iron_ore":42,"minecraft:grass":4,"minecraft:coal_ore":39,"minecraft:deepslate_iron_ore":46,"regions_unexplored:clover":5,"regions_unexplored:medium_grass":8,"minecraft:stone":26,"minecraft:fern":1},"minecraft:custom":{"minecraft:interact_with_furnace":10,"minecraft:mob_kills":31,"minecraft:interact_with_crafting_table":16,"minecraft:time_since_death":2362,"minecraft:sleep_in_bed":2,"minecraft:climb_one_cm":1471,"minecraft:time_since_rest":2442,"minecraft:sprint_one_cm":225911,"minecraft:damage_taken":2884,"minecraft:walk_one_cm":126424,"minecraft:damage_blocked_by_shield":400,"minecraft:drop":17,"minecraft:damage_dealt":2487,"minecraft:swim_one_cm":103866,"minecraft:fly_one_cm":320430,"minecraft:open_chest":6,"minecraft:crouch_one_cm":3090,"minecraft:play_time":58405,"minecraft:deaths":7,"minecraft:sneak_time":1596,"minecraft:walk_under_water_one_cm":32114,"minecraft:jump":1545,"minecraft:walk_on_water_one_cm":30922,"minecraft:total_world_time":58405,"minecraft:fall_one_cm":60728},"minecraft:picked_up":{"minecraft:iron_chestplate":1,"minecraft:clay_ball":77,"minecraft:tuff":2,"gravestone:obituary":1,"minecraft:shield":1,"minecraft:gunpowder":6,"minecraft:string":2,"minecraft:moss_carpet":1,"minecraft:wheat_seeds":4,"minecraft:cobbled_deepslate":1,"minecraft:raw_gold":1,"minecraft:iron_pickaxe":1,"minecraft:moss_block":4,"regions_unexplored:blackwood_log":17,"minecraft:iron_sword":1,"minecraft:flowering_azalea":1,"minecraft:stick":2,"minecraft:cooked_porkchop":3,"minecraft:big_dripleaf":2,"minecraft:porkchop":5,"minecraft:dark_oak_log":49,"travelersbackpack:white_sleeping_bag":2,"minecraft:arrow":4,"minecraft:rotten_flesh":6,"minecraft:tropical_fish":12,"regions_unexplored:clover":6,"minecraft:bone_meal":1,"minecraft:mutton":4,"minecraft:white_wool":8,"alexsmobs:lobster_tail":1,"minecraft:cobblestone":24}},"DataVersion":3465}