{"stats":{"minecraft:killed_by":{"minecraft:spider":1,"minecraft:pillager":1,"minecraft:enderman":1,"minecraft:zombie":1,"alexsmobs:anaconda":1},"minecraft:crafted":{"minecraft:cherry_planks":152,"mcwtrpdoors:cherry_ranch_trapdoor":6,"minecraft:oak_planks":196,"spartanshields:wooden_tower_shield":2,"ironfurnaces:iron_furnace":1,"minecraft:cobblestone_stairs":4,"minecraft:bone_meal":12,"quark:cherry_chest":4,"minecraft:cooked_mutton":10,"minecraft:hopper":1,"minecraft:glass":0,"travelersbackpack:white_sleeping_bag":2,"minecraft:leather":1,"create:mechanical_press":1,"minecraft:stone_pickaxe":1,"create:cogwheel":4,"minecraft:cooked_beef":13,"minecraft:cooked_cod":17,"create:andesite_alloy":33,"minecraft:crafting_table":2,"travelersbackpack:backpack_tank":4,"minecraft:wooden_pickaxe":1,"travelersbackpack:standard":2,"create:large_water_wheel":3,"create:zinc_nugget":126,"minecraft:cooked_salmon":41,"minecraft:campfire":1,"minecraft:stone_axe":1,"ribbits:maraca":1,"minecraft:air":0,"create:encased_fan":1,"minecraft:oak_boat":1,"create:water_wheel":3,"minecraft:diamond_pickaxe":1,"minecraft:stick":16,"quark:oak_chest":7,"minecraft:iron_ingot":44,"minecraft:iron_pickaxe":2,"minecraft:wooden_axe":3,"minecraft:iron_block":1,"minecraft:cherry_door":3,"minecraft:gold_ingot":31,"create:large_cogwheel":3,"create:propeller":1,"create:mechanical_drill":1,"create:shaft":16,"minecraft:andesite":66},"minecraft:dropped":{"minecraft:iron_ingot":6,"minecraft:porkchop":3,"minecraft:wheat_seeds":6,"minecraft:cooked_beef":10,"minecraft:cooked_porkchop":1,"minecraft:cobblestone":1,"minecraft:amethyst_block":1,"minecraft:tropical_fish":14,"minecraft:rail":2,"alexsmobs:raw_catfish":30,"minecraft:stick":35,"minecraft:pufferfish":1,"ribbits:maraca":3,"spartanshields:wooden_tower_shield":1,"minecraft:mutton":24,"minecraft:wooden_axe":2,"minecraft:rose_bush":1,"minecraft:cooked_cod":3,"minecraft:cooked_salmon":9,"minecraft:potion":1,"alexsmobs:cooked_catfish":8,"gravestone:obituary":10,"minecraft:iron_pickaxe":3,"minecraft:fermented_spider_eye":1,"minecraft:pink_petals":11,"minecraft:lily_pad":1,"create:raw_zinc":74,"minecraft:spruce_sapling":1,"minecraft:redstone":3,"minecraft:kelp":7,"minecraft:cooked_chicken":2,"minecraft:coarse_dirt":1,"alexsmobs:animal_dictionary":1,"minecraft:raw_copper":132,"minecraft:chicken":7,"minecraft:oak_planks":87,"minecraft:cooked_mutton":1,"minecraft:salmon":1,"minecraft:poppy":2,"minecraft:gunpowder":2,"minecraft:slime_ball":9,"minecraft:beef":6,"minecraft:wooden_pickaxe":1,"minecraft:stone_pickaxe":1,"minecraft:red_tulip":1,"minecraft:nautilus_shell":2,"minecraft:egg":3},"minecraft:broken":{"minecraft:stone_axe":1,"minecraft:wooden_axe":1},"minecraft:picked_up":{"minecraft:coarse_dirt":1,"minecraft:crafting_table":4,"minecraft:wheat":39,"minecraft:chicken":7,"minecraft:lead":2,"minecraft:diamond_sword":1,"minecraft:potion":1,"mcwtrpdoors:cherry_ranch_trapdoor":1,"gravestone:obituary":2,"minecraft:brewing_stand":1,"alexsmobs:cooked_catfish":15,"minecraft:raw_copper":66,"minecraft:string":7,"minecraft:cooked_salmon":5,"minecraft:pufferfish":1,"minecraft:cobbled_deepslate":17,"minecraft:beef":27,"minecraft:oak_boat":2,"minecraft:rose_bush":1,"minecraft:poppy":2,"minecraft:iron_pickaxe":1,"minecraft:sugar_cane":10,"minecraft:egg":4,"minecraft:stick":51,"minecraft:raw_iron":2,"minecraft:copper_ingot":66,"create:andesite_casing":13,"minecraft:porkchop":6,"minecraft:dried_kelp":7,"minecraft:cherry_log":63,"minecraft:diorite":33,"minecraft:carrot":9,"minecraft:redstone":6,"create:zinc_ingot":37,"create:large_cogwheel":3,"minecraft:tnt":3,"minecraft:arrow":5,"minecraft:rotten_flesh":5,"minecraft:tropical_fish":14,"minecraft:beetroot_seeds":1,"minecraft:hay_block":12,"minecraft:red_tulip":1,"minecraft:mutton":28,"minecraft:rail":1,"minecraft:cod":5,"minecraft:white_wool":13,"minecraft:cobblestone":34,"minecraft:nautilus_shell":1,"create:iron_sheet":4,"minecraft:pink_petals":11,"minecraft:cooked_beef":6,"minecraft:cherry_planks":1,"minecraft:salmon":9,"minecraft:leather":13,"minecraft:smoker":3,"minecraft:potato":1,"minecraft:tuff":5,"create:raw_zinc":37,"minecraft:oak_log":51,"minecraft:lily_pad":6,"minecraft:gunpowder":8,"minecraft:lapis_lazuli":7,"minecraft:cherry_door":2,"minecraft:dirt":43,"minecraft:white_banner":2,"minecraft:cooked_mutton":12,"minecraft:bone":9,"minecraft:fletching_table":2,"minecraft:apple":2,"minecraft:cooked_chicken":3,"minecraft:iron_ingot":2,"minecraft:wheat_seeds":104,"minecraft:raw_gold":15,"ribbits:maraca":4,"minecraft:rabbit_hide":5,"minecraft:stone_pickaxe":1,"minecraft:cobweb":3,"minecraft:bamboo":23,"minecraft:oak_planks":44,"minecraft:scaffolding":20,"minecraft:cooked_porkchop":3,"create:cogwheel":4,"minecraft:spruce_sapling":1,"minecraft:white_bed":1,"minecraft:blast_furnace":5,"minecraft:grass_block":2,"minecraft:spruce_log":26,"travelersbackpack:white_sleeping_bag":4,"travelersbackpack:standard":3,"alexsmobs:raw_catfish":30,"minecraft:slime_ball":9,"minecraft:crossbow":1,"minecraft:diamond_axe":1,"minecraft:cherry_sapling":32,"minecraft:golden_apple":1,"minecraft:oak_sapling":29,"minecraft:coal":117,"minecraft:dark_oak_fence":6},"minecraft:mined":{"create:zinc_ore":31,"create:deepslate_zinc_ore":34,"minecraft:tuff":203,"minecraft:white_bed":1,"minecraft:oak_sapling":1,"minecraft:deepslate_diamond_ore":14,"create:andesite_casing":13,"minecraft:cherry_log":63,"minecraft:brewing_stand":1,"gravestone:gravestone":7,"minecraft:dark_oak_fence":5,"minecraft:stone_brick_wall":2,"minecraft:grass_block":24,"create:large_cogwheel":3,"travelersbackpack:white_sleeping_bag":5,"minecraft:spruce_leaves":6,"mcwtrpdoors:cherry_ranch_trapdoor":1,"minecraft:hay_block":13,"minecraft:furnace":1,"minecraft:carrots":9,"minecraft:iron_ore":13,"minecraft:fire":3,"minecraft:fletching_table":2,"minecraft:deepslate_lapis_ore":2,"minecraft:potatoes":1,"minecraft:red_tulip":1,"minecraft:deepslate_iron_ore":34,"minecraft:bamboo":1,"minecraft:stone":10,"minecraft:deepslate_redstone_ore":8,"create:cogwheel":4,"minecraft:scaffolding":13,"minecraft:cherry_planks":1,"minecraft:smoker":3,"ironfurnaces:iron_furnace":1,"travelersbackpack:standard":2,"minecraft:crafting_table":3,"minecraft:blast_furnace":5,"minecraft:rose_bush":2,"minecraft:dead_bush":1,"quark:hollow_cherry_log":3,"minecraft:tall_grass":3,"minecraft:copper_ore":2,"minecraft:cobblestone":8,"minecraft:deepslate_gold_ore":20,"minecraft:sugar_cane":6,"minecraft:oak_planks":49,"minecraft:diorite":33,"minecraft:pink_petals":1,"minecraft:seagrass":1,"minecraft:coarse_dirt":1,"minecraft:wheat":39,"minecraft:spruce_log":28,"minecraft:cherry_door":1,"minecraft:grass":75,"minecraft:oak_log":51,"minecraft:coal_ore":33,"minecraft:beetroots":1,"minecraft:gravel":1,"minecraft:dirt":7,"minecraft:stone_bricks":4,"minecraft:oak_leaves":1,"minecraft:deepslate":15},"minecraft:killed":{"minecraft:cave_spider":3,"minecraft:witch":2,"minecraft:spider":3,"minecraft:skeleton":5,"minecraft:pig":1,"minecraft:wandering_trader":1,"minecraft:creeper":2,"minecraft:sheep":6,"minecraft:pillager":1,"minecraft:zombie":12,"minecraft:enderman":2,"minecraft:cow":11},"minecraft:custom":{"minecraft:mob_kills":61,"minecraft:interact_with_crafting_table":39,"minecraft:open_barrel":33,"minecraft:eat_cake_slice":4,"minecraft:leave_game":2,"minecraft:time_since_death":40588,"minecraft:climb_one_cm":2729,"minecraft:sprint_one_cm":712549,"minecraft:walk_one_cm":471289,"minecraft:damage_blocked_by_shield":830,"minecraft:drop":93,"minecraft:talked_to_villager":2,"minecraft:play_time":270181,"minecraft:deaths":8,"minecraft:sneak_time":1646,"minecraft:walk_under_water_one_cm":14068,"minecraft:boat_one_cm":99362,"minecraft:jump":3671,"minecraft:interact_with_blast_furnace":27,"minecraft:walk_on_water_one_cm":48319,"minecraft:total_world_time":270181,"minecraft:interact_with_furnace":18,"minecraft:traded_with_villager":1,"minecraft:sleep_in_bed":11,"minecraft:time_since_rest":14712,"minecraft:damage_taken":3791,"minecraft:damage_dealt":8792,"minecraft:swim_one_cm":81060,"minecraft:fly_one_cm":737260,"minecraft:open_chest":92,"minecraft:crouch_one_cm":2263,"minecraft:interact_with_smoker":38,"minecraft:fall_one_cm":106760,"minecraft:horse_one_cm":9960},"minecraft:used":{"minecraft:cherry_sapling":27,"minecraft:cooked_salmon":2,"quark:cherry_chest":4,"minecraft:dirt":22,"minecraft:hopper":1,"create:cogwheel":13,"minecraft:wooden_axe":65,"spartanshields:wooden_tower_shield":51,"minecraft:lava_bucket":20,"minecraft:tadpole_bucket":3,"ironfurnaces:iron_furnace":2,"minecraft:beef":2,"create:shaft":1,"create:mechanical_drill":1,"minecraft:oak_sapling":29,"minecraft:cooked_cod":14,"minecraft:egg":1,"minecraft:cooked_beef":9,"minecraft:cherry_log":14,"minecraft:cooked_mutton":9,"minecraft:water_bucket":21,"minecraft:cobblestone_stairs":1,"minecraft:stone_pickaxe":18,"minecraft:oak_planks":38,"minecraft:wooden_pickaxe":19,"minecraft:cherry_planks":23,"minecraft:fletching_table":2,"minecraft:diamond_axe":235,"minecraft:golden_apple":1,"create:encased_fan":1,"minecraft:crafting_table":7,"minecraft:blast_furnace":5,"minecraft:crossbow":7,"minecraft:campfire":1,"minecraft:spruce_log":12,"minecraft:smoker":5,"minecraft:diamond_pickaxe":218,"minecraft:apple":2,"create:mechanical_press":1,"minecraft:cherry_door":5,"minecraft:iron_pickaxe":248,"travelersbackpack:white_sleeping_bag":4,"mcwtrpdoors:cherry_ranch_trapdoor":6,"create:large_water_wheel":3,"minecraft:stone_axe":73,"minecraft:diamond_sword":40,"minecraft:cobblestone":20,"travelersbackpack:standard":12,"minecraft:cooked_porkchop":2,"minecraft:bucket":43,"quark:oak_chest":4,"minecraft:oak_boat":3,"minecraft:kelp":7,"minecraft:bone_meal":12,"minecraft:splash_potion":1,"create:large_cogwheel":8}},"DataVersion":3465}