{"stats":{"minecraft:broken":{"minecraft:wooden_axe":1},"minecraft:picked_up":{"minecraft:stick":5,"minecraft:crafting_table":3,"minecraft:salmon":14,"quark:shale":2,"minecraft:sand":1,"minecraft:lily_pad":3,"minecraft:spruce_sapling":9,"minecraft:spruce_log":33,"minecraft:string":1,"minecraft:dirt":1,"minecraft:rotten_flesh":3,"minecraft:bone_meal":1,"minecraft:poppy":1,"minecraft:sugar_cane":2,"minecraft:glow_berries":6,"minecraft:cobblestone":20},"minecraft:used":{"minecraft:spruce_boat":1,"minecraft:wooden_axe":56,"minecraft:wooden_pickaxe":26,"minecraft:stone_axe":12,"minecraft:salmon":3,"minecraft:rotten_flesh":3,"minecraft:glow_berries":2,"minecraft:wooden_sword":13,"minecraft:dirt":1,"minecraft:sand":1,"minecraft:crafting_table":5,"minecraft:furnace":1},"minecraft:killed":{"minecraft:zombie":1,"minecraft:salmon":17,"alexsmobs:seal":1,"minecraft:spider":1},"minecraft:killed_by":{"minecraft:enderman":1},"minecraft:dropped":{"minecraft:poppy":1,"minecraft:glow_berries":4,"gravestone:obituary":1,"minecraft:lily_pad":3,"minecraft:salmon":3},"minecraft:mined":{"quark:shale":2,"minecraft:ice":2,"minecraft:spruce_log":38,"minecraft:crafting_table":3,"gravestone:gravestone":1,"minecraft:vine":1,"minecraft:cave_vines":9,"minecraft:poppy":1,"minecraft:sand":1,"minecraft:dirt":1,"minecraft:packed_ice":4,"minecraft:spruce_leaves":11,"minecraft:stone":21},"minecraft:crafted":{"minecraft:wooden_sword":1,"minecraft:crafting_table":2,"minecraft:furnace":1,"minecraft:spruce_planks":132,"minecraft:stick":16,"minecraft:wooden_pickaxe":1,"minecraft:wooden_axe":1,"minecraft:spruce_boat":1,"minecraft:stone_axe":1},"minecraft:custom":{"minecraft:time_since_rest":23476,"minecraft:interact_with_furnace":2,"minecraft:sprint_one_cm":84561,"minecraft:damage_taken":450,"minecraft:walk_one_cm":58404,"minecraft:mob_kills":20,"minecraft:drop":8,"minecraft:damage_dealt":1437,"minecraft:swim_one_cm":10715,"minecraft:interact_with_crafting_table":5,"minecraft:fly_one_cm":153348,"minecraft:open_barrel":2,"minecraft:crouch_one_cm":331,"minecraft:play_time":27011,"minecraft:deaths":1,"minecraft:walk_under_water_one_cm":26844,"minecraft:sneak_time":515,"minecraft:boat_one_cm":32074,"minecraft:jump":573,"minecraft:leave_game":1,"minecraft:time_since_death":23445,"minecraft:walk_on_water_one_cm":14315,"minecraft:climb_one_cm":165,"minecraft:total_world_time":27011,"minecraft:fall_one_cm":12318}},"DataVersion":3465}