{"stats":{"minecraft:crafted":{"regions_unexplored:blackwood_planks":12,"minecraft:iron_nugget":36,"minecraft:cooked_chicken":1,"minecraft:furnace":2,"minecraft:cooked_mutton":7,"travelersbackpack:white_sleeping_bag":3,"minecraft:iron_boots":1,"create:mechanical_press":1,"minecraft:mossy_cobblestone_slab":6,"minecraft:stone_pickaxe":1,"minecraft:dark_oak_planks":196,"create:cogwheel":4,"minecraft:wheat":63,"create:depot":1,"create:andesite_alloy":18,"minecraft:cooked_porkchop":1,"minecraft:crafting_table":3,"minecraft:wooden_pickaxe":1,"create:large_water_wheel":3,"minecraft:stone_axe":1,"minecraft:air":0,"create:encased_fan":1,"create:water_wheel":3,"minecraft:stick":28,"minecraft:iron_pickaxe":3,"minecraft:iron_ingot":34,"minecraft:wooden_axe":3,"minecraft:iron_block":1,"minecraft:iron_leggings":1,"create:large_cogwheel":6,"create:propeller":1,"create:shaft":16},"minecraft:dropped":{"minecraft:iron_ingot":17,"minecraft:wheat_seeds":3,"minecraft:cobblestone":1,"minecraft:stick":1,"minecraft:dirt":7,"minecraft:mutton":2,"minecraft:melon_slice":103,"gravestone:obituary":9,"minecraft:oak_stairs":1,"minecraft:bone_meal":1,"create:iron_sheet":1,"minecraft:string":2,"alexsmobs:animal_dictionary":1,"minecraft:cobbled_deepslate":1,"minecraft:raw_copper":500,"minecraft:tuff":47,"minecraft:raw_iron":7,"regions_unexplored:clover":5,"minecraft:cooked_mutton":2,"minecraft:gunpowder":2,"travelersbackpack:white_sleeping_bag":2,"minecraft:spruce_planks":2,"minecraft:oak_sapling":3,"minecraft:raw_gold":14,"minecraft:stone_pickaxe":1,"create:andesite_alloy":1},"minecraft:killed_by":{"mythicmounts:dragon":1,"enemyexpansion:invisicreeper":2},"minecraft:killed":{"alexsmobs:lobster":3,"minecraft:spider":2,"minecraft:skeleton":5,"minecraft:horse":5,"minecraft:fox":1,"minecraft:tropical_fish":11,"alexsmobs:flying_fish":1,"minecraft:pig":8,"enemyexpansion:ladybug":1,"enemyexpansion:sprinter":1,"minecraft:creeper":3,"minecraft:sheep":11,"minecraft:zombie":4,"enemyexpansion:botfly":2,"minecraft:cow":5,"enemyexpansion:wasp":1},"minecraft:broken":{"minecraft:stone_axe":1,"minecraft:iron_pickaxe":4,"minecraft:wooden_axe":2},"minecraft:used":{"minecraft:tropical_fish":6,"minecraft:oak_sign":4,"minecraft:shield":21,"minecraft:iron_sword":110,"minecraft:rotten_flesh":6,"minecraft:white_carpet":1,"create:cogwheel":9,"regions_unexplored:clover":1,"create:depot":2,"minecraft:tuff":101,"minecraft:big_dripleaf":2,"minecraft:wooden_axe":138,"minecraft:lava_bucket":1,"alexsmobs:lobster_tail":1,"minecraft:lantern":1,"minecraft:spruce_button":1,"minecraft:mossy_cobblestone_slab":3,"minecraft:bow":1,"minecraft:furnace":2,"regions_unexplored:blackwood_log":6,"minecraft:cooked_mutton":14,"minecraft:birch_planks":1,"minecraft:stone_pickaxe":64,"minecraft:wooden_pickaxe":8,"create:encased_fan":1,"minecraft:crafting_table":3,"minecraft:oak_log":7,"alexsmobs:flying_fish":1,"create:mechanical_press":1,"minecraft:melon_slice":31,"minecraft:iron_pickaxe":1119,"travelersbackpack:white_sleeping_bag":8,"create:large_water_wheel":3,"minecraft:stone_axe":105,"minecraft:cobblestone":22,"minecraft:porkchop":2,"minecraft:cooked_porkchop":4,"minecraft:bucket":1,"create:large_cogwheel":6,"minecraft:experience_bottle":1},"minecraft:mined":{"create:zinc_ore":17,"create:deepslate_zinc_ore":70,"minecraft:tuff":264,"regions_unexplored:blue_lupine":1,"minecraft:deepslate_diamond_ore":18,"regions_unexplored:pink_lupine":2,"create:andesite_casing":6,"minecraft:dark_oak_log":56,"minecraft:potted_blue_orchid":1,"minecraft:brewing_stand":1,"gravestone:gravestone":7,"minecraft:grass_block":6,"create:depot":1,"minecraft:redstone_wire":1,"travelersbackpack:white_sleeping_bag":5,"minecraft:moss_block":1,"regions_unexplored:raw_redstone_block":108,"minecraft:spawner":5,"minecraft:large_fern":1,"minecraft:hay_block":7,"regions_unexplored:stone_bud":1,"minecraft:iron_ore":59,"regions_unexplored:mossy_stone":4,"minecraft:andesite":48,"regions_unexplored:larch_leaves":2,"minecraft:azure_bluet":1,"minecraft:big_dripleaf_stem":1,"minecraft:deepslate_iron_ore":62,"regions_unexplored:medium_grass":14,"minecraft:stone":263,"regions_unexplored:redstone_bulb":1,"create:cogwheel":1,"minecraft:clay":4,"minecraft:spruce_button":1,"minecraft:melon":40,"regions_unexplored:blackwood_log":63,"minecraft:tall_grass":6,"minecraft:copper_ore":50,"minecraft:cobblestone":3,"minecraft:deepslate_gold_ore":13,"minecraft:deepslate_copper_ore":10,"minecraft:spruce_stairs":1,"minecraft:birch_planks":1,"regions_unexplored:redstone_bud":2,"minecraft:white_carpet":4,"regions_unexplored:sandy_grass":5,"minecraft:grass":14,"minecraft:oak_log":18,"minecraft:coal_ore":115,"minecraft:dirt":3,"regions_unexplored:clover":11,"minecraft:oak_leaves":3,"minecraft:deepslate":56,"minecraft:fern":2},"minecraft:picked_up":{"regions_unexplored:pointed_redstone":16,"minecraft:iron_chestplate":1,"minecraft:azure_bluet":1,"minecraft:clay_ball":77,"minecraft:oak_stairs":1,"gravestone:obituary":1,"minecraft:shield":1,"minecraft:string":7,"minecraft:moss_carpet":1,"minecraft:raw_copper":500,"minecraft:white_carpet":2,"minecraft:experience_bottle":1,"minecraft:oak_sign":4,"minecraft:cobbled_deepslate":73,"minecraft:bucket":1,"minecraft:spruce_planks":2,"minecraft:beef":9,"minecraft:iron_pickaxe":2,"minecraft:melon_slice":202,"regions_unexplored:blackwood_log":17,"minecraft:stick":10,"minecraft:raw_iron":10,"minecraft:big_dripleaf":5,"minecraft:torch":1,"create:andesite_casing":6,"minecraft:porkchop":10,"minecraft:redstone":8,"minecraft:arrow":9,"minecraft:rotten_flesh":8,"regions_unexplored:redstone_bulb":3,"minecraft:tropical_fish":12,"minecraft:hay_block":7,"create:depot":1,"minecraft:mutton":14,"alexsmobs:lobster_tail":1,"alexsmobs:flying_fish":1,"minecraft:white_wool":15,"minecraft:cobblestone":332,"create:iron_sheet":1,"minecraft:feather":5,"minecraft:clock":1,"minecraft:andesite":47,"minecraft:leather":17,"wardrobe:fox_hide":1,"minecraft:birch_planks":1,"minecraft:oak_log":10,"minecraft:tuff":6,"create:raw_zinc":3,"minecraft:gunpowder":9,"minecraft:lapis_lazuli":5,"minecraft:dirt":9,"minecraft:lantern":1,"minecraft:cooked_mutton":9,"minecraft:bone":1,"minecraft:bow":1,"minecraft:wheat_seeds":8,"minecraft:raw_gold":2,"minecraft:rabbit_hide":1,"minecraft:iron_ingot":25,"minecraft:moss_block":4,"minecraft:iron_sword":1,"minecraft:flowering_azalea":1,"minecraft:cooked_porkchop":3,"create:cogwheel":1,"minecraft:mossy_cobblestone":4,"minecraft:dark_oak_log":49,"regions_unexplored:pink_lupine":1,"travelersbackpack:white_sleeping_bag":7,"minecraft:diamond":2,"waystones:waystone":2,"regions_unexplored:clover":18,"minecraft:bone_meal":1,"minecraft:emerald":2,"minecraft:spruce_button":1,"minecraft:bread":7,"minecraft:oak_sapling":4},"minecraft:custom":{"minecraft:mob_kills":66,"minecraft:interact_with_crafting_table":30,"minecraft:open_barrel":8,"minecraft:eat_cake_slice":8,"minecraft:leave_game":2,"minecraft:time_since_death":1021,"minecraft:climb_one_cm":2269,"minecraft:sprint_one_cm":672593,"minecraft:walk_one_cm":367893,"minecraft:damage_blocked_by_shield":1115,"minecraft:drop":42,"minecraft:talked_to_villager":1,"minecraft:play_time":157042,"minecraft:deaths":8,"minecraft:sneak_time":2269,"minecraft:walk_under_water_one_cm":38333,"minecraft:jump":3784,"minecraft:walk_on_water_one_cm":46145,"minecraft:total_world_time":157042,"minecraft:interact_with_furnace":25,"spartanshields:shield_bash_hits":1,"minecraft:sleep_in_bed":9,"minecraft:time_since_rest":1057,"minecraft:waystone_activated":1,"minecraft:damage_taken":3836,"minecraft:damage_dealt":6845,"minecraft:swim_one_cm":134797,"minecraft:fly_one_cm":810576,"minecraft:open_chest":31,"minecraft:crouch_one_cm":5520,"minecraft:fall_one_cm":115769,"minecraft:inspect_dispenser":1}},"DataVersion":3465}