{"stats":{"minecraft:killed":{"minecraft:sheep":3,"minecraft:cow":3},"minecraft:mined":{"minecraft:seagrass":1,"minecraft:smoker":2,"minecraft:brewing_stand":1,"minecraft:crafting_table":2,"minecraft:grass":8,"minecraft:blast_furnace":3,"minecraft:oak_log":49,"minecraft:dead_bush":1,"minecraft:gravel":1,"minecraft:cobblestone":6,"travelersbackpack:white_sleeping_bag":2,"minecraft:sugar_cane":3},"minecraft:picked_up":{"minecraft:stick":19,"minecraft:crafting_table":3,"minecraft:salmon":8,"minecraft:leather":3,"minecraft:smoker":2,"minecraft:potion":1,"minecraft:brewing_stand":1,"minecraft:oak_log":49,"minecraft:lily_pad":6,"minecraft:blast_furnace":3,"travelersbackpack:white_sleeping_bag":2,"minecraft:pufferfish":1,"minecraft:slime_ball":9,"minecraft:apple":2,"minecraft:wheat_seeds":1,"minecraft:beef":5,"minecraft:oak_boat":2,"minecraft:poppy":1,"minecraft:oak_sapling":28,"minecraft:sugar_cane":8,"minecraft:cod":5,"minecraft:mutton":4,"minecraft:white_wool":3,"minecraft:cobblestone":6},"minecraft:dropped":{"minecraft:poppy":1,"minecraft:wheat_seeds":1,"minecraft:wooden_axe":1,"minecraft:potion":1,"minecraft:oak_planks":87,"minecraft:slime_ball":9,"minecraft:fermented_spider_eye":1,"minecraft:lily_pad":1},"minecraft:crafted":{"minecraft:oak_boat":1,"minecraft:oak_planks":196,"travelersbackpack:white_sleeping_bag":1,"minecraft:crafting_table":1,"minecraft:stick":4,"minecraft:wooden_pickaxe":1,"minecraft:wooden_axe":3,"ribbits:maraca":1},"minecraft:broken":{"minecraft:wooden_axe":1},"minecraft:used":{"minecraft:wooden_axe":61,"minecraft:apple":2,"travelersbackpack:white_sleeping_bag":2,"minecraft:wooden_pickaxe":13,"minecraft:tadpole_bucket":2,"minecraft:golden_apple":1,"minecraft:beef":2,"minecraft:crafting_table":3,"minecraft:bucket":2,"minecraft:oak_boat":2,"minecraft:splash_potion":1},"minecraft:custom":{"minecraft:time_since_rest":958,"minecraft:sprint_one_cm":114665,"minecraft:damage_taken":180,"minecraft:walk_one_cm":76848,"minecraft:mob_kills":6,"minecraft:drop":9,"minecraft:damage_dealt":699,"minecraft:traded_with_villager":1,"minecraft:interact_with_crafting_table":5,"minecraft:swim_one_cm":6475,"minecraft:fly_one_cm":110830,"minecraft:open_barrel":33,"minecraft:open_chest":9,"minecraft:crouch_one_cm":213,"minecraft:play_time":28956,"minecraft:sneak_time":321,"minecraft:walk_under_water_one_cm":3858,"minecraft:boat_one_cm":46827,"minecraft:jump":568,"minecraft:eat_cake_slice":4,"minecraft:interact_with_blast_furnace":1,"minecraft:walk_on_water_one_cm":8318,"minecraft:time_since_death":28956,"minecraft:sleep_in_bed":2,"minecraft:climb_one_cm":2651,"minecraft:total_world_time":28956,"minecraft:fall_one_cm":14162}},"DataVersion":3465}