{"stats":{"minecraft:killed_by":{"minecraft:spider":1,"minecraft:pillager":1,"minecraft:zombie":1},"minecraft:crafted":{"minecraft:cherry_planks":152,"minecraft:oak_planks":196,"spartanshields:wooden_tower_shield":2,"ironfurnaces:iron_furnace":1,"quark:cherry_chest":3,"minecraft:cooked_mutton":10,"minecraft:glass":0,"travelersbackpack:white_sleeping_bag":2,"minecraft:leather":1,"minecraft:stone_pickaxe":1,"minecraft:cooked_beef":13,"minecraft:cooked_cod":17,"minecraft:crafting_table":2,"travelersbackpack:backpack_tank":4,"minecraft:wooden_pickaxe":1,"travelersbackpack:standard":2,"minecraft:cooked_salmon":41,"minecraft:stone_axe":1,"ribbits:maraca":1,"minecraft:air":0,"minecraft:oak_boat":1,"minecraft:diamond_pickaxe":1,"minecraft:stick":16,"quark:oak_chest":7,"minecraft:iron_ingot":40,"minecraft:iron_pickaxe":2,"minecraft:wooden_axe":3,"minecraft:cherry_door":3,"minecraft:gold_ingot":31},"minecraft:dropped":{"minecraft:wheat_seeds":1,"minecraft:cooked_beef":6,"minecraft:cobblestone":1,"minecraft:amethyst_block":1,"minecraft:rail":2,"minecraft:stick":35,"minecraft:pufferfish":1,"ribbits:maraca":3,"spartanshields:wooden_tower_shield":1,"minecraft:wooden_axe":2,"minecraft:cooked_cod":3,"minecraft:cooked_salmon":8,"minecraft:potion":1,"gravestone:obituary":8,"minecraft:iron_pickaxe":3,"minecraft:fermented_spider_eye":1,"minecraft:lily_pad":1,"minecraft:redstone":3,"alexsmobs:animal_dictionary":1,"minecraft:oak_planks":87,"minecraft:poppy":2,"minecraft:slime_ball":9,"minecraft:wooden_pickaxe":1,"minecraft:stone_pickaxe":1,"minecraft:red_tulip":1,"minecraft:nautilus_shell":2},"minecraft:broken":{"minecraft:stone_axe":1,"minecraft:wooden_axe":1},"minecraft:picked_up":{"minecraft:crafting_table":4,"minecraft:diamond_sword":1,"minecraft:potion":1,"gravestone:obituary":2,"minecraft:brewing_stand":1,"minecraft:string":7,"minecraft:cooked_salmon":4,"minecraft:pufferfish":1,"minecraft:cobbled_deepslate":17,"minecraft:beef":24,"minecraft:oak_boat":2,"minecraft:poppy":2,"minecraft:iron_pickaxe":1,"minecraft:sugar_cane":8,"minecraft:stick":25,"minecraft:raw_iron":2,"minecraft:porkchop":3,"minecraft:diorite":33,"minecraft:redstone":6,"minecraft:tnt":3,"minecraft:arrow":3,"minecraft:rotten_flesh":5,"minecraft:red_tulip":1,"minecraft:mutton":4,"minecraft:rail":1,"minecraft:cod":5,"minecraft:white_wool":10,"minecraft:cobblestone":27,"minecraft:nautilus_shell":1,"minecraft:cherry_planks":1,"minecraft:salmon":8,"minecraft:leather":11,"minecraft:smoker":3,"minecraft:tuff":5,"minecraft:oak_log":49,"minecraft:lily_pad":6,"minecraft:gunpowder":6,"minecraft:lapis_lazuli":7,"minecraft:cherry_door":1,"minecraft:dirt":10,"minecraft:white_banner":2,"minecraft:bone":6,"minecraft:apple":2,"minecraft:wheat_seeds":4,"minecraft:raw_gold":15,"ribbits:maraca":4,"minecraft:rabbit_hide":5,"minecraft:stone_pickaxe":1,"minecraft:cobweb":3,"minecraft:bamboo":23,"minecraft:oak_planks":44,"minecraft:blast_furnace":5,"minecraft:spruce_log":21,"travelersbackpack:white_sleeping_bag":4,"travelersbackpack:standard":2,"minecraft:slime_ball":9,"minecraft:crossbow":1,"minecraft:diamond_axe":1,"minecraft:golden_apple":1,"minecraft:oak_sapling":28,"minecraft:coal":117,"minecraft:dark_oak_fence":6},"minecraft:mined":{"create:zinc_ore":31,"create:deepslate_zinc_ore":34,"minecraft:tuff":203,"minecraft:deepslate_diamond_ore":14,"minecraft:brewing_stand":1,"gravestone:gravestone":5,"minecraft:dark_oak_fence":5,"minecraft:grass_block":3,"travelersbackpack:white_sleeping_bag":4,"minecraft:furnace":1,"minecraft:iron_ore":13,"minecraft:deepslate_lapis_ore":2,"minecraft:red_tulip":1,"minecraft:deepslate_iron_ore":34,"minecraft:bamboo":1,"minecraft:stone":10,"minecraft:deepslate_redstone_ore":8,"minecraft:cherry_planks":1,"minecraft:smoker":3,"ironfurnaces:iron_furnace":1,"travelersbackpack:standard":2,"minecraft:crafting_table":3,"minecraft:blast_furnace":5,"minecraft:dead_bush":1,"quark:hollow_cherry_log":3,"minecraft:tall_grass":2,"minecraft:copper_ore":2,"minecraft:cobblestone":6,"minecraft:deepslate_gold_ore":20,"minecraft:sugar_cane":5,"minecraft:oak_planks":49,"minecraft:diorite":33,"minecraft:seagrass":1,"minecraft:spruce_log":23,"minecraft:cherry_door":1,"minecraft:grass":32,"minecraft:oak_log":49,"minecraft:coal_ore":33,"minecraft:gravel":1,"minecraft:dirt":5,"minecraft:deepslate":15},"minecraft:killed":{"minecraft:cave_spider":3,"minecraft:witch":2,"minecraft:spider":3,"minecraft:skeleton":4,"minecraft:pig":1,"minecraft:creeper":1,"minecraft:sheep":3,"minecraft:pillager":1,"minecraft:zombie":10,"minecraft:cow":11},"minecraft:custom":{"minecraft:mob_kills":48,"minecraft:interact_with_crafting_table":25,"minecraft:open_barrel":33,"minecraft:eat_cake_slice":4,"minecraft:leave_game":1,"minecraft:time_since_death":80563,"minecraft:climb_one_cm":2701,"minecraft:sprint_one_cm":521160,"minecraft:walk_one_cm":298019,"minecraft:damage_blocked_by_shield":830,"minecraft:drop":51,"minecraft:talked_to_villager":1,"minecraft:play_time":155277,"minecraft:deaths":6,"minecraft:sneak_time":1427,"minecraft:walk_under_water_one_cm":9596,"minecraft:boat_one_cm":99362,"minecraft:jump":2795,"minecraft:interact_with_blast_furnace":22,"minecraft:walk_on_water_one_cm":29228,"minecraft:total_world_time":155277,"minecraft:interact_with_furnace":13,"minecraft:traded_with_villager":1,"minecraft:sleep_in_bed":6,"minecraft:time_since_rest":32841,"minecraft:damage_taken":2971,"minecraft:damage_dealt":6802,"minecraft:swim_one_cm":59004,"minecraft:fly_one_cm":539837,"minecraft:open_chest":45,"minecraft:crouch_one_cm":2210,"minecraft:interact_with_smoker":35,"minecraft:fall_one_cm":78776},"minecraft:used":{"minecraft:cooked_salmon":2,"minecraft:dirt":3,"minecraft:wooden_axe":65,"spartanshields:wooden_tower_shield":51,"minecraft:lava_bucket":17,"minecraft:tadpole_bucket":3,"ironfurnaces:iron_furnace":1,"minecraft:beef":2,"minecraft:cooked_cod":14,"minecraft:cooked_beef":7,"minecraft:cooked_mutton":8,"minecraft:water_bucket":17,"minecraft:stone_pickaxe":18,"minecraft:oak_planks":38,"minecraft:wooden_pickaxe":19,"minecraft:cherry_planks":23,"minecraft:diamond_axe":87,"minecraft:golden_apple":1,"minecraft:crafting_table":6,"minecraft:blast_furnace":4,"minecraft:crossbow":7,"minecraft:spruce_log":12,"minecraft:smoker":4,"minecraft:diamond_pickaxe":203,"minecraft:apple":2,"minecraft:cherry_door":4,"minecraft:iron_pickaxe":248,"travelersbackpack:white_sleeping_bag":4,"minecraft:stone_axe":73,"minecraft:diamond_sword":29,"travelersbackpack:standard":5,"minecraft:bucket":37,"quark:oak_chest":2,"minecraft:oak_boat":3,"minecraft:splash_potion":1}},"DataVersion":3465}