{"stats":{"minecraft:killed_by":{"minecraft:enderman":1},"minecraft:dropped":{"gravestone:obituary":1},"minecraft:picked_up":{"minecraft:sand":1,"minecraft:dirt":1},"minecraft:mined":{"gravestone:gravestone":1,"minecraft:sand":1,"minecraft:dirt":1,"minecraft:packed_ice":3,"minecraft:ice":2},"minecraft:custom":{"minecraft:time_since_rest":2340,"minecraft:play_time":5875,"minecraft:sprint_one_cm":20727,"minecraft:walk_one_cm":14274,"minecraft:damage_taken":340,"minecraft:deaths":1,"minecraft:sneak_time":117,"minecraft:walk_under_water_one_cm":871,"minecraft:drop":1,"minecraft:jump":99,"minecraft:damage_dealt":261,"minecraft:leave_game":1,"minecraft:time_since_death":2309,"minecraft:walk_on_water_one_cm":379,"minecraft:total_world_time":5875,"minecraft:swim_one_cm":7824,"minecraft:fly_one_cm":14634,"minecraft:fall_one_cm":3901},"minecraft:used":{"minecraft:sand":1,"minecraft:dirt":1}},"DataVersion":3465}