{"stats":{"minecraft:killed_by":{"minecraft:spider":1,"minecraft:pillager":1,"minecraft:zombie":1},"minecraft:crafted":{"minecraft:cherry_planks":152,"minecraft:oak_planks":196,"spartanshields:wooden_tower_shield":2,"ironfurnaces:iron_furnace":1,"quark:cherry_chest":3,"minecraft:cooked_mutton":5,"minecraft:glass":0,"travelersbackpack:white_sleeping_bag":2,"minecraft:leather":1,"minecraft:stone_pickaxe":1,"minecraft:cooked_beef":13,"minecraft:cooked_cod":17,"minecraft:crafting_table":2,"travelersbackpack:backpack_tank":4,"minecraft:wooden_pickaxe":1,"travelersbackpack:standard":2,"minecraft:cooked_salmon":41,"minecraft:stone_axe":1,"ribbits:maraca":1,"minecraft:air":0,"minecraft:oak_boat":1,"minecraft:diamond_pickaxe":1,"minecraft:stick":16,"quark:oak_chest":7,"minecraft:iron_ingot":40,"minecraft:iron_pickaxe":2,"minecraft:wooden_axe":3,"minecraft:cherry_door":3,"minecraft:gold_ingot":31},"minecraft:dropped":{"minecraft:wheat_seeds":1,"minecraft:cooked_beef":6,"minecraft:cobblestone":1,"minecraft:amethyst_block":1,"minecraft:stick":35,"minecraft:pufferfish":1,"ribbits:maraca":3,"spartanshields:wooden_tower_shield":1,"minecraft:wooden_axe":2,"minecraft:cooked_cod":3,"minecraft:cooked_salmon":8,"minecraft:potion":1,"gravestone:obituary":8,"minecraft:iron_pickaxe":3,"minecraft:fermented_spider_eye":1,"minecraft:lily_pad":1,"minecraft:redstone":1,"alexsmobs:animal_dictionary":1,"minecraft:oak_planks":87,"minecraft:poppy":2,"minecraft:slime_ball":9,"minecraft:wooden_pickaxe":1,"minecraft:stone_pickaxe":1},"minecraft:broken":{"minecraft:stone_axe":1,"minecraft:wooden_axe":1},"minecraft:picked_up":{"minecraft:crafting_table":4,"minecraft:diamond_sword":1,"minecraft:potion":1,"gravestone:obituary":2,"minecraft:brewing_stand":1,"minecraft:string":7,"minecraft:cooked_salmon":4,"minecraft:pufferfish":1,"minecraft:cobbled_deepslate":17,"minecraft:beef":15,"minecraft:oak_boat":2,"minecraft:poppy":2,"minecraft:iron_pickaxe":1,"minecraft:sugar_cane":8,"minecraft:stick":25,"minecraft:raw_iron":2,"minecraft:diorite":33,"minecraft:redstone":5,"minecraft:tnt":3,"minecraft:rotten_flesh":5,"minecraft:mutton":4,"minecraft:cod":5,"minecraft:white_wool":10,"minecraft:cobblestone":15,"minecraft:cherry_planks":1,"minecraft:salmon":8,"minecraft:leather":7,"minecraft:smoker":3,"minecraft:tuff":5,"minecraft:oak_log":49,"minecraft:lily_pad":6,"minecraft:gunpowder":6,"minecraft:lapis_lazuli":7,"minecraft:cherry_door":1,"minecraft:dirt":1,"minecraft:white_banner":2,"minecraft:bone":4,"minecraft:apple":2,"minecraft:wheat_seeds":4,"minecraft:raw_gold":15,"ribbits:maraca":4,"minecraft:rabbit_hide":5,"minecraft:stone_pickaxe":1,"minecraft:cobweb":3,"minecraft:bamboo":15,"minecraft:oak_planks":44,"minecraft:blast_furnace":5,"minecraft:spruce_log":21,"travelersbackpack:white_sleeping_bag":4,"travelersbackpack:standard":1,"minecraft:slime_ball":9,"minecraft:crossbow":1,"minecraft:diamond_axe":1,"minecraft:golden_apple":1,"minecraft:oak_sapling":28,"minecraft:coal":117,"minecraft:dark_oak_fence":6},"minecraft:mined":{"create:zinc_ore":27,"create:deepslate_zinc_ore":34,"minecraft:tuff":203,"minecraft:deepslate_diamond_ore":14,"minecraft:brewing_stand":1,"gravestone:gravestone":5,"minecraft:dark_oak_fence":5,"travelersbackpack:white_sleeping_bag":4,"minecraft:furnace":1,"minecraft:iron_ore":10,"minecraft:deepslate_lapis_ore":2,"minecraft:deepslate_iron_ore":34,"minecraft:bamboo":1,"minecraft:stone":3,"minecraft:deepslate_redstone_ore":8,"minecraft:cherry_planks":1,"minecraft:smoker":3,"ironfurnaces:iron_furnace":1,"travelersbackpack:standard":1,"minecraft:crafting_table":3,"minecraft:blast_furnace":5,"minecraft:dead_bush":1,"quark:hollow_cherry_log":3,"minecraft:tall_grass":1,"minecraft:copper_ore":2,"minecraft:cobblestone":6,"minecraft:deepslate_gold_ore":20,"minecraft:sugar_cane":5,"minecraft:oak_planks":49,"minecraft:diorite":33,"minecraft:seagrass":1,"minecraft:spruce_log":23,"minecraft:cherry_door":1,"minecraft:grass":28,"minecraft:oak_log":49,"minecraft:coal_ore":33,"minecraft:gravel":1,"minecraft:dirt":1,"minecraft:deepslate":15},"minecraft:killed":{"minecraft:cave_spider":3,"minecraft:witch":2,"minecraft:spider":3,"minecraft:skeleton":2,"minecraft:creeper":1,"minecraft:sheep":3,"minecraft:pillager":1,"minecraft:zombie":8,"minecraft:cow":7},"minecraft:custom":{"minecraft:mob_kills":33,"minecraft:interact_with_crafting_table":25,"minecraft:open_barrel":33,"minecraft:eat_cake_slice":4,"minecraft:leave_game":1,"minecraft:time_since_death":44563,"minecraft:climb_one_cm":2701,"minecraft:sprint_one_cm":457069,"minecraft:walk_one_cm":264509,"minecraft:damage_blocked_by_shield":830,"minecraft:drop":44,"minecraft:talked_to_villager":1,"minecraft:play_time":119277,"minecraft:deaths":6,"minecraft:sneak_time":1376,"minecraft:walk_under_water_one_cm":8631,"minecraft:boat_one_cm":99362,"minecraft:jump":2348,"minecraft:interact_with_blast_furnace":22,"minecraft:walk_on_water_one_cm":22977,"minecraft:total_world_time":119277,"minecraft:interact_with_furnace":9,"minecraft:traded_with_villager":1,"minecraft:sleep_in_bed":5,"minecraft:time_since_rest":15960,"minecraft:damage_taken":2766,"minecraft:damage_dealt":5481,"minecraft:swim_one_cm":23439,"minecraft:fly_one_cm":445347,"minecraft:open_chest":45,"minecraft:crouch_one_cm":2210,"minecraft:interact_with_smoker":35,"minecraft:fall_one_cm":68936},"minecraft:used":{"minecraft:cooked_salmon":2,"minecraft:dirt":1,"minecraft:wooden_axe":65,"spartanshields:wooden_tower_shield":51,"minecraft:lava_bucket":17,"minecraft:tadpole_bucket":3,"ironfurnaces:iron_furnace":1,"minecraft:beef":2,"minecraft:cooked_cod":14,"minecraft:cooked_beef":5,"minecraft:cooked_mutton":5,"minecraft:water_bucket":17,"minecraft:stone_pickaxe":18,"minecraft:oak_planks":38,"minecraft:wooden_pickaxe":19,"minecraft:cherry_planks":23,"minecraft:diamond_axe":81,"minecraft:golden_apple":1,"minecraft:crafting_table":6,"minecraft:blast_furnace":4,"minecraft:crossbow":7,"minecraft:spruce_log":12,"minecraft:smoker":4,"minecraft:diamond_pickaxe":189,"minecraft:apple":2,"minecraft:cherry_door":2,"minecraft:iron_pickaxe":248,"travelersbackpack:white_sleeping_bag":4,"minecraft:stone_axe":73,"minecraft:diamond_sword":11,"travelersbackpack:standard":3,"minecraft:bucket":37,"quark:oak_chest":2,"minecraft:oak_boat":3,"minecraft:splash_potion":1}},"DataVersion":3465}