{"stats":{"minecraft:killed_by":{"minecraft:pillager":1},"minecraft:killed":{"minecraft:sheep":3,"minecraft:pillager":1,"minecraft:cow":3},"minecraft:mined":{"minecraft:smoker":3,"minecraft:brewing_stand":1,"minecraft:crafting_table":2,"gravestone:gravestone":1,"minecraft:dark_oak_fence":5,"minecraft:blast_furnace":3,"minecraft:dead_bush":1,"quark:hollow_cherry_log":3,"travelersbackpack:white_sleeping_bag":2,"minecraft:cobblestone":6,"minecraft:sugar_cane":3,"minecraft:seagrass":1,"minecraft:iron_ore":7,"minecraft:grass":8,"minecraft:oak_log":49,"minecraft:coal_ore":16,"minecraft:gravel":1,"minecraft:bamboo":1},"minecraft:dropped":{"minecraft:wheat_seeds":1,"minecraft:cobblestone":1,"minecraft:oak_planks":87,"minecraft:pufferfish":1,"minecraft:poppy":2,"minecraft:wooden_axe":2,"minecraft:potion":1,"gravestone:obituary":2,"minecraft:slime_ball":9,"minecraft:wooden_pickaxe":1,"minecraft:fermented_spider_eye":1,"minecraft:lily_pad":1},"minecraft:picked_up":{"minecraft:crafting_table":3,"minecraft:salmon":8,"minecraft:leather":3,"minecraft:smoker":3,"minecraft:potion":1,"minecraft:oak_log":49,"minecraft:lily_pad":6,"gravestone:obituary":1,"minecraft:brewing_stand":1,"minecraft:white_banner":2,"minecraft:pufferfish":1,"minecraft:apple":2,"minecraft:wheat_seeds":1,"minecraft:beef":5,"minecraft:oak_boat":2,"minecraft:poppy":2,"minecraft:bamboo":15,"minecraft:sugar_cane":8,"minecraft:stick":23,"minecraft:blast_furnace":3,"travelersbackpack:white_sleeping_bag":2,"minecraft:slime_ball":9,"minecraft:crossbow":1,"minecraft:oak_sapling":28,"minecraft:dark_oak_fence":6,"minecraft:mutton":4,"minecraft:cod":5,"minecraft:coal":12,"minecraft:white_wool":3,"minecraft:cobblestone":7},"minecraft:crafted":{"minecraft:oak_planks":196,"minecraft:crafting_table":1,"minecraft:wooden_pickaxe":1,"minecraft:stone_axe":1,"ribbits:maraca":1,"minecraft:cooked_mutton":5,"minecraft:air":0,"minecraft:oak_boat":1,"travelersbackpack:white_sleeping_bag":1,"minecraft:stick":4,"minecraft:iron_ingot":3,"minecraft:iron_pickaxe":1,"minecraft:stone_pickaxe":1,"minecraft:wooden_axe":3},"minecraft:broken":{"minecraft:wooden_axe":1},"minecraft:used":{"minecraft:cooked_mutton":3,"minecraft:stone_pickaxe":18,"minecraft:wooden_pickaxe":19,"minecraft:golden_apple":1,"minecraft:crafting_table":4,"minecraft:blast_furnace":1,"minecraft:crossbow":7,"minecraft:smoker":1,"minecraft:wooden_axe":65,"minecraft:apple":2,"travelersbackpack:white_sleeping_bag":2,"minecraft:stone_axe":9,"minecraft:tadpole_bucket":3,"minecraft:beef":2,"minecraft:bucket":3,"minecraft:oak_boat":2,"minecraft:splash_potion":1},"minecraft:custom":{"minecraft:mob_kills":8,"minecraft:traded_with_villager":1,"minecraft:interact_with_crafting_table":8,"minecraft:open_barrel":33,"minecraft:eat_cake_slice":4,"minecraft:time_since_death":1987,"minecraft:sleep_in_bed":2,"minecraft:climb_one_cm":2651,"minecraft:time_since_rest":2020,"minecraft:sprint_one_cm":157942,"minecraft:damage_taken":471,"minecraft:walk_one_cm":112021,"minecraft:drop":16,"minecraft:damage_dealt":996,"minecraft:swim_one_cm":6475,"minecraft:fly_one_cm":134189,"minecraft:open_chest":11,"minecraft:crouch_one_cm":979,"minecraft:play_time":40956,"minecraft:deaths":1,"minecraft:sneak_time":653,"minecraft:walk_under_water_one_cm":3981,"minecraft:boat_one_cm":46827,"minecraft:jump":803,"minecraft:interact_with_blast_furnace":2,"minecraft:walk_on_water_one_cm":11379,"minecraft:interact_with_smoker":11,"minecraft:total_world_time":40956,"minecraft:fall_one_cm":18684}},"DataVersion":3465}