{"stats":{"minecraft:crafted":{"regions_unexplored:blackwood_planks":12,"minecraft:cooked_porkchop":1,"minecraft:crafting_table":2,"minecraft:wooden_pickaxe":1,"minecraft:furnace":2,"minecraft:stone_axe":1,"minecraft:cooked_mutton":7,"minecraft:air":0,"travelersbackpack:white_sleeping_bag":3,"minecraft:iron_boots":1,"minecraft:stick":20,"minecraft:iron_ingot":20,"minecraft:iron_pickaxe":1,"minecraft:stone_pickaxe":1,"minecraft:wooden_axe":3,"minecraft:iron_leggings":1,"minecraft:dark_oak_planks":196},"minecraft:killed":{"alexsmobs:lobster":3,"minecraft:pig":4,"minecraft:spider":1,"enemyexpansion:sprinter":1,"minecraft:sheep":4,"minecraft:horse":1,"minecraft:skeleton":5,"minecraft:zombie":3,"enemyexpansion:botfly":2,"minecraft:tropical_fish":11,"alexsmobs:flying_fish":1},"minecraft:broken":{"minecraft:iron_pickaxe":1,"minecraft:wooden_axe":2},"minecraft:used":{"minecraft:cooked_mutton":3,"minecraft:tropical_fish":6,"minecraft:stone_pickaxe":64,"minecraft:shield":19,"minecraft:wooden_pickaxe":8,"minecraft:iron_sword":23,"minecraft:rotten_flesh":6,"minecraft:crafting_table":2,"regions_unexplored:clover":1,"minecraft:tuff":48,"minecraft:big_dripleaf":2,"minecraft:wooden_axe":138,"alexsmobs:lobster_tail":1,"minecraft:iron_pickaxe":282,"travelersbackpack:white_sleeping_bag":4,"minecraft:stone_axe":68,"minecraft:cooked_porkchop":4,"minecraft:furnace":2,"minecraft:porkchop":2,"regions_unexplored:blackwood_log":6},"minecraft:killed_by":{"mythicmounts:dragon":1,"enemyexpansion:invisicreeper":2},"minecraft:dropped":{"minecraft:wheat_seeds":2,"minecraft:cobbled_deepslate":1,"alexsmobs:animal_dictionary":1,"minecraft:tuff":47,"minecraft:raw_iron":7,"minecraft:cobblestone":1,"regions_unexplored:clover":5,"minecraft:cooked_mutton":2,"minecraft:gunpowder":2,"minecraft:spruce_planks":2,"travelersbackpack:white_sleeping_bag":2,"minecraft:melon_slice":102,"gravestone:obituary":8,"minecraft:bone_meal":1,"minecraft:stone_pickaxe":1,"minecraft:string":2},"minecraft:mined":{"create:zinc_ore":2,"create:deepslate_zinc_ore":70,"minecraft:tuff":95,"minecraft:deepslate_diamond_ore":12,"minecraft:dark_oak_log":56,"gravestone:gravestone":6,"minecraft:melon":40,"regions_unexplored:blackwood_log":63,"travelersbackpack:white_sleeping_bag":3,"minecraft:tall_grass":1,"minecraft:copper_ore":5,"minecraft:deepslate_gold_ore":12,"minecraft:spawner":5,"minecraft:large_fern":1,"minecraft:iron_ore":42,"minecraft:grass":4,"minecraft:coal_ore":39,"minecraft:deepslate_iron_ore":46,"regions_unexplored:clover":5,"regions_unexplored:medium_grass":8,"minecraft:stone":26,"minecraft:fern":1},"minecraft:custom":{"minecraft:interact_with_furnace":15,"spartanshields:shield_bash_hits":1,"minecraft:mob_kills":36,"minecraft:interact_with_crafting_table":19,"minecraft:open_barrel":8,"minecraft:time_since_death":14362,"minecraft:sleep_in_bed":3,"minecraft:climb_one_cm":2065,"minecraft:time_since_rest":1503,"minecraft:sprint_one_cm":266901,"minecraft:damage_taken":3034,"minecraft:walk_one_cm":151409,"minecraft:damage_blocked_by_shield":1090,"minecraft:drop":26,"minecraft:damage_dealt":3012,"minecraft:swim_one_cm":115245,"minecraft:fly_one_cm":355571,"minecraft:open_chest":10,"minecraft:crouch_one_cm":3090,"minecraft:play_time":70405,"minecraft:deaths":7,"minecraft:sneak_time":1596,"minecraft:walk_under_water_one_cm":35883,"minecraft:jump":1705,"minecraft:walk_on_water_one_cm":33250,"minecraft:total_world_time":70405,"minecraft:inspect_dispenser":1,"minecraft:fall_one_cm":64326},"minecraft:picked_up":{"minecraft:clock":1,"minecraft:iron_chestplate":1,"minecraft:clay_ball":77,"minecraft:tuff":2,"gravestone:obituary":1,"minecraft:shield":1,"minecraft:gunpowder":6,"minecraft:string":4,"minecraft:lantern":1,"minecraft:moss_carpet":1,"minecraft:bone":1,"minecraft:wheat_seeds":4,"minecraft:cobbled_deepslate":1,"minecraft:raw_gold":1,"minecraft:spruce_planks":2,"minecraft:iron_pickaxe":1,"minecraft:melon_slice":202,"minecraft:moss_block":4,"regions_unexplored:blackwood_log":17,"minecraft:iron_sword":1,"minecraft:flowering_azalea":1,"minecraft:stick":2,"minecraft:cooked_porkchop":3,"minecraft:big_dripleaf":2,"minecraft:porkchop":5,"minecraft:dark_oak_log":49,"travelersbackpack:white_sleeping_bag":4,"minecraft:arrow":9,"minecraft:rotten_flesh":6,"minecraft:tropical_fish":12,"regions_unexplored:clover":6,"minecraft:bone_meal":1,"alexsmobs:flying_fish":1,"minecraft:mutton":5,"minecraft:white_wool":9,"alexsmobs:lobster_tail":1,"minecraft:cobblestone":24}},"DataVersion":3465}