{"stats":{"minecraft:killed":{"minecraft:sheep":3,"minecraft:cow":3},"minecraft:mined":{"minecraft:seagrass":1,"minecraft:crafting_table":2,"minecraft:grass":3,"minecraft:blast_furnace":1,"minecraft:oak_log":49,"minecraft:dead_bush":1,"minecraft:gravel":1,"travelersbackpack:white_sleeping_bag":1,"minecraft:sugar_cane":3},"minecraft:dropped":{"minecraft:wooden_axe":1,"minecraft:lily_pad":1},"minecraft:picked_up":{"minecraft:stick":19,"minecraft:crafting_table":3,"minecraft:leather":3,"minecraft:oak_log":49,"minecraft:lily_pad":6,"minecraft:blast_furnace":1,"travelersbackpack:white_sleeping_bag":1,"minecraft:apple":2,"minecraft:beef":5,"minecraft:oak_boat":2,"minecraft:poppy":1,"minecraft:oak_sapling":28,"minecraft:sugar_cane":8,"minecraft:mutton":4,"minecraft:white_wool":3},"minecraft:crafted":{"minecraft:oak_boat":1,"minecraft:oak_planks":196,"travelersbackpack:white_sleeping_bag":1,"minecraft:crafting_table":1,"minecraft:stick":4,"minecraft:wooden_pickaxe":1,"minecraft:wooden_axe":3},"minecraft:broken":{"minecraft:wooden_axe":1},"minecraft:used":{"minecraft:wooden_axe":61,"minecraft:apple":2,"travelersbackpack:white_sleeping_bag":1,"minecraft:wooden_pickaxe":1,"minecraft:golden_apple":1,"minecraft:crafting_table":3,"minecraft:oak_boat":2,"minecraft:splash_potion":1},"minecraft:custom":{"minecraft:time_since_rest":2974,"minecraft:sprint_one_cm":77587,"minecraft:damage_taken":170,"minecraft:walk_one_cm":27173,"minecraft:mob_kills":6,"minecraft:drop":2,"minecraft:damage_dealt":699,"minecraft:interact_with_crafting_table":5,"minecraft:swim_one_cm":6475,"minecraft:fly_one_cm":86416,"minecraft:open_barrel":12,"minecraft:open_chest":4,"minecraft:play_time":16956,"minecraft:sneak_time":68,"minecraft:walk_under_water_one_cm":3858,"minecraft:boat_one_cm":46827,"minecraft:jump":381,"minecraft:eat_cake_slice":4,"minecraft:walk_on_water_one_cm":4103,"minecraft:time_since_death":16956,"minecraft:sleep_in_bed":1,"minecraft:climb_one_cm":1427,"minecraft:total_world_time":16956,"minecraft:fall_one_cm":11319}},"DataVersion":3465}