{"stats":{"minecraft:dropped":{"minecraft:oak_pressure_plate":1,"minecraft:cooked_beef":5,"minecraft:oak_log":76,"quark:deepslate_furnace":3,"minecraft:diamond":5,"minecraft:lantern":6,"minecraft:leather":15,"travelersbackpack:standard":1,"minecraft:leather_helmet":1,"minecraft:flint":3,"minecraft:cobblestone_stairs":4,"create:brass_sheet":1,"minecraft:dirt":613,"minecraft:grass":1,"create:mechanical_arm":1,"minecraft:stone_button":2,"minecraft:cherry_trapdoor":3,"minecraft:cornflower":5,"gravestone:obituary":38,"minecraft:sunflower":42,"minecraft:sand":34,"minecraft:gold_ingot":6,"minecraft:armor_stand":2,"minecraft:gravel":5,"minecraft:stone_axe":1,"minecraft:blackstone":2,"minecraft:sugar_cane":1,"minecraft:iron_nugget":4,"minecraft:wheat":55,"minecraft:obsidian":19,"minecraft:pointed_dripstone":6,"minecraft:rotten_flesh":18,"minecraft:oak_planks":3,"minecraft:poppy":4,"minecraft:leather_chestplate":1,"minecraft:charcoal":2,"minecraft:leather_boots":1,"minecraft:acacia_sapling":7,"minecraft:leather_leggings":1,"create:brass_ingot":5,"minecraft:basalt":3,"minecraft:glass":60,"minecraft:warped_wart_block":6,"minecraft:netherrack":1,"minecraft:egg":1,"minecraft:iron_ingot":148,"minecraft:wheat_seeds":36,"minecraft:dripstone_block":3,"minecraft:iron_helmet":1,"minecraft:cobblestone":228,"minecraft:copper_ingot":342,"minecraft:coal":2,"minecraft:oxeye_daisy":4,"minecraft:lava_bucket":2,"minecraft:diorite":4,"minecraft:wooden_axe":1,"minecraft:iron_axe":2,"create:mechanical_drill":1,"minecraft:iron_shovel":1,"minecraft:paper":27,"minecraft:string":4,"minecraft:bucket":4,"create:raw_zinc":35,"minecraft:smooth_basalt":2,"minecraft:kelp":177,"create:shaft":1,"minecraft:raw_copper":1848,"minecraft:raw_iron":195,"minecraft:iron_hoe":1,"minecraft:shears":1,"quark:black_corundum":3,"minecraft:flint_and_steel":1,"minecraft:bamboo_fence":1,"minecraft:cobblestone_slab":72,"minecraft:flower_pot":3,"create:zinc_ingot":26,"minecraft:andesite":76,"travelersbackpack:crafting_upgrade":2,"minecraft:yellow_bed":1,"minecraft:stone_bricks":2,"minecraft:wooden_pickaxe":1,"minecraft:blue_orchid":1,"minecraft:stone_pickaxe":1,"minecraft:raw_gold":30,"minecraft:magma_block":33},"minecraft:broken":{"minecraft:shears":1,"minecraft:iron_boots":1,"minecraft:stone_pickaxe":1,"minecraft:iron_axe":3,"minecraft:iron_pickaxe":2,"minecraft:iron_helmet":1,"create:sand_paper":1},"minecraft:killed":{"minecraft:spider":4,"minecraft:skeleton":8,"minecraft:silverfish":1,"alexsmobs:straddler":3,"minecraft:piglin":1,"minecraft:pig":3,"minecraft:iron_golem":1,"minecraft:creeper":3,"alexsmobs:crimson_mosquito":1,"minecraft:sheep":1,"minecraft:donkey":1,"minecraft:zombie":11,"minecraft:cow":10,"minecraft:horse":3,"quark:foxhound":1,"minecraft:enderman":3},"minecraft:picked_up":{"minecraft:iron_chestplate":1,"minecraft:wheat":251,"minecraft:redstone_block":1,"minecraft:flower_pot":3,"create:mechanical_crafter":5,"minecraft:smithing_table":2,"minecraft:lead":2,"minecraft:string":4,"minecraft:raw_copper":1033,"minecraft:iron_leggings":1,"minecraft:armor_stand":2,"minecraft:experience_bottle":2,"alexsmobs:blood_sac":1,"create:mechanical_press":2,"minecraft:cobbled_deepslate":130,"minecraft:bucket":3,"minecraft:rose_bush":3,"minecraft:cobblestone_slab":50,"minecraft:iron_pickaxe":1,"minecraft:coal_block":34,"minecraft:iron_boots":1,"minecraft:stick":90,"create:mechanical_mixer":1,"quark:cherry_chest":2,"minecraft:acacia_log":97,"create:andesite_casing":16,"travelersbackpack:iron_tier_upgrade":1,"minecraft:porkchop":5,"minecraft:dried_kelp":149,"minecraft:cherry_log":119,"minecraft:pointed_dripstone":13,"minecraft:diorite":51,"travelersbackpack:crafting_upgrade":1,"create:large_cogwheel":3,"minecraft:cactus":1,"minecraft:rotten_flesh":26,"create:copper_casing":1,"create:mechanical_arm":1,"minecraft:obsidian":64,"minecraft:iron_bars":1,"minecraft:cobblestone":147,"minecraft:birch_log":114,"minecraft:magma_block":33,"minecraft:cooked_beef":18,"minecraft:cherry_planks":4,"minecraft:cherry_leaves":1,"minecraft:andesite":18,"quark:black_corundum_cluster":7,"minecraft:flint":6,"minecraft:tuff":6,"minecraft:dirt":122,"minecraft:lantern":6,"minecraft:glass":106,"minecraft:bone":2,"minecraft:stonecutter":1,"minecraft:wheat_seeds":1115,"minecraft:raw_gold":5,"create:mechanical_drill":3,"minecraft:cobbled_deepslate_slab":6,"minecraft:fletching_table":2,"minecraft:bamboo":609,"minecraft:oak_planks":65,"create:cogwheel":27,"minecraft:warped_wart_block":6,"minecraft:oak_pressure_plate":1,"minecraft:sand":35,"minecraft:mossy_cobblestone":1,"minecraft:iron_hoe":1,"minecraft:granite":6,"minecraft:grass":1,"minecraft:bread":39,"minecraft:oak_sapling":120,"minecraft:netherrack":196,"minecraft:oak_leaves":51,"create:precision_mechanism":1,"minecraft:diamond_pickaxe":1,"create:copper_sheet":301,"minecraft:charcoal":2,"minecraft:crafting_table":4,"create:rotation_speed_controller":1,"gravestone:obituary":9,"minecraft:cornflower":5,"minecraft:iron_axe":3,"minecraft:item_frame":1,"minecraft:iron_shovel":1,"minecraft:blackstone":2,"minecraft:blue_orchid":1,"minecraft:beef":23,"minecraft:iron_nugget":10,"minecraft:poppy":4,"minecraft:lectern":79,"minecraft:sugar_cane":38,"minecraft:birch_sapling":22,"minecraft:cherry_trapdoor":4,"minecraft:egg":2,"create:golden_sheet":8,"minecraft:copper_ingot":561,"quark:deepslate_furnace":3,"minecraft:stone_button":2,"minecraft:redstone":3,"create:brass_casing":1,"create:zinc_ingot":35,"create:deployer":3,"minecraft:arrow":7,"minecraft:peony":2,"minecraft:shears":1,"minecraft:hay_block":38,"create:depot":4,"minecraft:gold_ingot":36,"minecraft:white_wool":23,"minecraft:oxeye_daisy":6,"create:iron_sheet":34,"create:brass_sheet":10,"minecraft:basalt":4,"minecraft:leather":19,"minecraft:oak_log":199,"minecraft:yellow_bed":5,"minecraft:gunpowder":3,"minecraft:cobblestone_stairs":5,"minecraft:paper":18,"minecraft:white_banner":1,"create:crushing_wheel":4,"minecraft:apple":4,"minecraft:stone_bricks":11,"minecraft:kelp":280,"minecraft:warped_stem":1,"minecraft:iron_ingot":207,"minecraft:stone_pickaxe":1,"minecraft:iron_sword":1,"minecraft:acacia_sapling":7,"quark:black_corundum":3,"minecraft:book":87,"minecraft:oak_slab":17,"minecraft:smooth_basalt":2,"create:large_water_wheel":4,"minecraft:bamboo_fence":2,"minecraft:dandelion":1,"minecraft:dripstone_block":3,"minecraft:gravel":41,"minecraft:white_bed":1,"minecraft:spider_eye":1,"create:gearbox":1,"travelersbackpack:standard":3,"minecraft:stone_axe":1,"create:encased_fan":1,"minecraft:iron_helmet":2,"minecraft:cherry_sapling":53,"minecraft:warped_roots":7,"minecraft:warped_nylium":1,"minecraft:coal":63,"minecraft:hopper":1,"minecraft:sunflower":42,"minecraft:ender_pearl":1},"minecraft:killed_by":{"minecraft:ghast":1,"minecraft:creeper":3,"alexsmobs:straddler":1,"minecraft:drowned":1,"minecraft:piglin":1,"minecraft:blaze":1,"minecraft:zombie":1,"minecraft:enderman":1,"minecraft:iron_golem":1,"minecraft:skeleton":10},"minecraft:mined":{"create:deepslate_zinc_ore":6,"minecraft:oak_sapling":1,"minecraft:white_bed":1,"create:copper_casing":1,"quark:cherry_chest":2,"minecraft:cherry_log":120,"create:andesite_casing":16,"minecraft:cobblestone_stairs":6,"minecraft:obsidian":26,"minecraft:cherry_trapdoor":5,"minecraft:granite":6,"minecraft:grass_block":68,"minecraft:acacia_log":98,"minecraft:coal_block":19,"minecraft:hopper":1,"minecraft:magma_block":37,"minecraft:tall_seagrass":2,"minecraft:iron_ore":214,"minecraft:fire":50,"minecraft:fletching_table":2,"quark:black_corundum_cluster":3,"minecraft:pointed_dripstone":11,"minecraft:iron_bars":1,"create:mechanical_press":2,"minecraft:deepslate_redstone_ore":6,"create:cogwheel":9,"minecraft:blackstone":2,"minecraft:kelp_plant":44,"create:brass_casing":1,"minecraft:nether_quartz_ore":40,"minecraft:cobblestone":14,"minecraft:oak_planks":27,"minecraft:sugar_cane":21,"minecraft:deepslate_copper_ore":6,"create:large_water_wheel":3,"minecraft:seagrass":3,"minecraft:warped_nylium":15,"minecraft:birch_log":114,"minecraft:wheat":351,"create:mechanical_mixer":1,"minecraft:grass":53,"minecraft:oak_log":180,"minecraft:sand":35,"minecraft:dirt":18,"minecraft:smooth_basalt":2,"minecraft:stonecutter":1,"minecraft:netherrack":189,"minecraft:oak_leaves":51,"minecraft:deepslate":130,"minecraft:infested_deepslate":1,"create:zinc_ore":30,"minecraft:nether_gold_ore":3,"minecraft:tuff":387,"minecraft:mossy_cobblestone":1,"minecraft:deepslate_diamond_ore":7,"minecraft:bamboo_fence":2,"minecraft:cherry_sapling":1,"minecraft:cobbled_deepslate_slab":5,"gravestone:gravestone":26,"create:large_cogwheel":1,"create:depot":3,"create:encased_fan":1,"minecraft:potted_bamboo":3,"minecraft:kelp":142,"minecraft:hay_block":39,"minecraft:redstone_ore":6,"minecraft:andesite":18,"minecraft:stripped_spruce_log":1,"minecraft:bookshelf":31,"minecraft:deepslate_iron_ore":79,"minecraft:cobblestone_slab":9,"minecraft:warped_stem":1,"create:deployer":3,"minecraft:bamboo":88,"create:andesite_encased_large_cogwheel":2,"minecraft:stone":130,"minecraft:smithing_table":2,"minecraft:oak_slab":4,"minecraft:acacia_leaves":1,"minecraft:redstone_block":1,"minecraft:cherry_planks":4,"minecraft:basalt":3,"minecraft:dandelion":1,"travelersbackpack:standard":1,"minecraft:crafting_table":5,"minecraft:cornflower":1,"minecraft:emerald_ore":2,"minecraft:warped_roots":2,"minecraft:rose_bush":1,"minecraft:campfire":1,"minecraft:lectern":78,"minecraft:copper_ore":76,"minecraft:tall_grass":5,"minecraft:deepslate_gold_ore":5,"quark:black_corundum":3,"minecraft:diorite":51,"minecraft:warped_wart_block":3,"create:water_wheel_structure":1,"minecraft:yellow_bed":5,"quark:deepslate_furnace":3,"create:mechanical_drill":2,"minecraft:coal_ore":173,"minecraft:gravel":47,"minecraft:dripstone_block":5,"minecraft:cobweb":2,"minecraft:stone_bricks":10,"minecraft:gold_ore":4,"minecraft:deepslate_emerald_ore":1},"minecraft:crafted":{"minecraft:oak_planks":428,"minecraft:cobblestone_slab":36,"minecraft:barrel":68,"travelersbackpack:crafting_upgrade":2,"minecraft:cherry_slab":24,"minecraft:birch_slab":6,"minecraft:cobblestone_stairs":4,"quark:cherry_chest":15,"create:mechanical_bearing":1,"quark:deepslate_furnace":3,"create:deployer":1,"minecraft:cooked_mutton":5,"minecraft:iron_bars":16,"create:vertical_gearbox":1,"minecraft:bamboo_block":64,"create:rotation_speed_controller":2,"minecraft:glass":50,"minecraft:hopper":3,"create:mechanical_press":1,"minecraft:bamboo_fence_gate":1,"minecraft:chest":6,"create:spout":1,"minecraft:dried_kelp_block":1,"create:cogwheel":51,"create:brass_hand":1,"minecraft:oak_slab":264,"create:depot":1,"create:rose_quartz":8,"minecraft:emerald":36,"minecraft:cooked_porkchop":4,"minecraft:crafting_table":13,"create:fluid_pipe":128,"minecraft:wooden_pickaxe":1,"travelersbackpack:standard":4,"create:zinc_nugget":63,"minecraft:red_wool":4,"create:sand_paper":1,"minecraft:fletching_table":1,"minecraft:birch_planks":456,"create:encased_chain_drive":5,"create:mechanical_mixer":1,"travelersbackpack:red_sleeping_bag":2,"create:gearbox":5,"create:encased_fan":1,"minecraft:bamboo_planks":54,"minecraft:paper":27,"minecraft:diamond_pickaxe":1,"create:water_wheel":12,"minecraft:stick":1190,"quark:oak_chest":1,"create:mechanical_pump":2,"minecraft:iron_ingot":102,"minecraft:iron_pickaxe":2,"minecraft:iron_block":1,"minecraft:gold_ingot":1,"create:large_cogwheel":21,"create:propeller":1,"minecraft:composter":1,"minecraft:shears":1,"create:empty_blaze_burner":2,"minecraft:cherry_planks":476,"minecraft:cobbled_deepslate_slab":18,"create:wrench":1,"minecraft:iron_nugget":162,"minecraft:bamboo_fence":18,"minecraft:furnace":2,"minecraft:bone_meal":6,"travelersbackpack:blank_upgrade":4,"travelersbackpack:gold_tier_upgrade":1,"minecraft:flint_and_steel":2,"create_connected:parallel_gearbox":1,"minecraft:cherry_trapdoor":4,"minecraft:iron_axe":4,"minecraft:iron_hoe":1,"minecraft:stone_pickaxe":1,"create:fluid_tank":68,"create:hose_pulley":1,"create:basin":1,"create:electron_tube":8,"create:belt_connector":9,"create:windmill_bearing":1,"minecraft:wheat":342,"minecraft:cooked_beef":0,"minecraft:coal_block":20,"minecraft:red_dye":4,"create:andesite_alloy":96,"travelersbackpack:backpack_tank":6,"minecraft:iron_sword":1,"create:large_water_wheel":12,"ironfurnaces:upgrade_iron":1,"create:item_drain":1,"minecraft:bucket":1,"minecraft:stone_axe":1,"minecraft:bread":180,"minecraft:air":0,"minecraft:bamboo_slab":12,"create:whisk":1,"create:mechanical_arm":1,"create:mechanical_crafter":21,"minecraft:wooden_axe":1,"minecraft:iron_shovel":1,"create:mechanical_drill":2,"create:shaft":120,"minecraft:andesite":670,"minecraft:acacia_planks":4},"minecraft:used":{"minecraft:cherry_sapling":53,"create:deployer":11,"minecraft:iron_shovel":47,"minecraft:chest":1,"minecraft:iron_sword":181,"minecraft:rotten_flesh":12,"create:fluid_tank":7,"quark:cherry_chest":8,"create:cogwheel":39,"create:mechanical_crafter":22,"create:depot":10,"minecraft:tuff":20,"minecraft:obsidian":72,"minecraft:glass":26,"minecraft:lava_bucket":14,"quark:deepslate_furnace":1,"minecraft:birch_sapling":22,"minecraft:iron_helmet":1,"minecraft:stone_bricks":8,"minecraft:item_frame":1,"create:rotation_speed_controller":6,"create:shaft":43,"minecraft:oak_sapling":42,"minecraft:furnace":2,"create:mechanical_drill":4,"minecraft:egg":1,"minecraft:diorite":1,"create:crushing_wheel":2,"minecraft:oak_planks":70,"minecraft:stone_pickaxe":131,"minecraft:blackstone":2,"minecraft:wooden_pickaxe":24,"minecraft:composter":1,"minecraft:sugar_cane":5,"create:spout":1,"minecraft:glow_berries":4,"minecraft:shears":51,"minecraft:bread":83,"minecraft:lectern":68,"minecraft:gravel":36,"quark:black_corundum_cluster":5,"minecraft:coal_block":3,"create:basin":1,"minecraft:smithing_table":1,"create:large_cogwheel":21,"create:vertical_gearbox":4,"minecraft:bone_meal":96,"minecraft:experience_bottle":2,"minecraft:iron_bars":1,"minecraft:flint_and_steel":12,"minecraft:netherrack":139,"minecraft:dirt":88,"create:mechanical_pump":2,"create:mechanical_mixer":2,"minecraft:hopper":5,"minecraft:iron_hoe":41,"minecraft:wooden_axe":52,"minecraft:bamboo_fence":19,"create:wrench":286,"create:gearbox":8,"minecraft:iron_axe":914,"create:hose_pulley":1,"minecraft:cherry_trapdoor":5,"minecraft:bamboo":22,"create:encased_chain_drive":7,"create:fluid_pipe":4,"minecraft:cooked_beef":20,"minecraft:bamboo_planks":5,"create:belt_connector":20,"minecraft:cooked_mutton":5,"minecraft:wheat_seeds":175,"minecraft:water_bucket":85,"minecraft:warped_stem":1,"minecraft:cobblestone_stairs":4,"create:empty_blaze_burner":2,"minecraft:cherry_planks":133,"minecraft:fletching_table":3,"minecraft:cobblestone_slab":14,"create:blaze_burner":1,"create:item_drain":1,"create_connected:parallel_gearbox":1,"create:encased_fan":6,"minecraft:crafting_table":7,"minecraft:oak_slab":14,"minecraft:bamboo_block":37,"minecraft:white_bed":1,"minecraft:bamboo_fence_gate":1,"minecraft:oak_log":36,"minecraft:diamond_pickaxe":1122,"minecraft:apple":7,"create:mechanical_press":9,"minecraft:iron_pickaxe":513,"create:large_water_wheel":21,"minecraft:stone_axe":2,"minecraft:cobbled_deepslate_slab":17,"minecraft:porkchop":1,"travelersbackpack:standard":25,"minecraft:cobblestone":55,"minecraft:cooked_porkchop":4,"minecraft:bucket":101,"minecraft:yellow_bed":4,"minecraft:kelp":103},"minecraft:custom":{"minecraft:animals_bred":6,"minecraft:interact_with_crafting_table":145,"minecraft:leave_game":6,"minecraft:time_since_death":28338,"minecraft:sprint_one_cm":2092229,"minecraft:drop":211,"minecraft:talked_to_villager":150,"minecraft:play_time":644441,"minecraft:deaths":29,"minecraft:jump":9494,"minecraft:walk_on_water_one_cm":105110,"minecraft:interact_with_furnace":43,"minecraft:traded_with_villager":36,"minecraft:sleep_in_bed":39,"minecraft:damage_dealt":11140,"minecraft:crouch_one_cm":27729,"minecraft:interact_with_smithing_table":7,"minecraft:horse_one_cm":215,"minecraft:interact_with_anvil":2,"minecraft:mob_kills":55,"minecraft:interact_with_campfire":16,"minecraft:climb_one_cm":6912,"minecraft:walk_one_cm":1301105,"minecraft:sneak_time":13254,"minecraft:walk_under_water_one_cm":82227,"minecraft:total_world_time":644441,"minecraft:time_since_rest":15482,"minecraft:damage_taken":12586,"minecraft:swim_one_cm":188461,"minecraft:fly_one_cm":1911006,"minecraft:open_chest":322,"minecraft:fall_one_cm":295347}},"DataVersion":3465}