{"stats":{"minecraft:crafted":{"regions_unexplored:blackwood_planks":12,"minecraft:cooked_porkchop":1,"minecraft:crafting_table":2,"minecraft:wooden_pickaxe":1,"minecraft:furnace":1,"minecraft:stone_axe":1,"minecraft:air":0,"minecraft:stick":20,"minecraft:iron_ingot":3,"minecraft:iron_pickaxe":1,"minecraft:stone_pickaxe":1,"minecraft:wooden_axe":3,"minecraft:dark_oak_planks":196},"minecraft:killed":{"alexsmobs:lobster":3,"minecraft:pig":4,"minecraft:horse":1,"minecraft:skeleton":2,"minecraft:zombie":3,"enemyexpansion:botfly":2,"minecraft:tropical_fish":5},"minecraft:broken":{"minecraft:wooden_axe":2},"minecraft:used":{"minecraft:stone_pickaxe":64,"minecraft:wooden_pickaxe":8,"minecraft:iron_sword":17,"minecraft:rotten_flesh":5,"minecraft:crafting_table":2,"regions_unexplored:clover":1,"minecraft:big_dripleaf":2,"minecraft:wooden_axe":138,"alexsmobs:lobster_tail":1,"minecraft:iron_pickaxe":7,"minecraft:stone_axe":9,"minecraft:furnace":1,"minecraft:porkchop":2,"regions_unexplored:blackwood_log":6},"minecraft:killed_by":{"mythicmounts:dragon":1,"enemyexpansion:invisicreeper":1},"minecraft:dropped":{"minecraft:wheat_seeds":2,"alexsmobs:animal_dictionary":1,"minecraft:raw_iron":7,"regions_unexplored:clover":1,"gravestone:obituary":6,"minecraft:stone_pickaxe":1},"minecraft:mined":{"minecraft:dark_oak_log":56,"gravestone:gravestone":3,"regions_unexplored:blackwood_log":63,"minecraft:tall_grass":1,"minecraft:copper_ore":5,"minecraft:large_fern":1,"minecraft:iron_ore":37,"minecraft:grass":2,"minecraft:coal_ore":22,"regions_unexplored:clover":4,"regions_unexplored:medium_grass":8,"minecraft:stone":15,"minecraft:fern":1},"minecraft:custom":{"minecraft:interact_with_furnace":6,"minecraft:mob_kills":20,"minecraft:interact_with_crafting_table":9,"minecraft:time_since_death":3808,"minecraft:climb_one_cm":1471,"minecraft:time_since_rest":3844,"minecraft:sprint_one_cm":126639,"minecraft:damage_taken":2024,"minecraft:walk_one_cm":71669,"minecraft:drop":11,"minecraft:damage_dealt":1799,"minecraft:swim_one_cm":81029,"minecraft:fly_one_cm":178350,"minecraft:open_chest":1,"minecraft:crouch_one_cm":2327,"minecraft:play_time":34405,"minecraft:deaths":5,"minecraft:sneak_time":1263,"minecraft:walk_under_water_one_cm":17610,"minecraft:jump":879,"minecraft:walk_on_water_one_cm":18587,"minecraft:total_world_time":34405,"minecraft:fall_one_cm":36443},"minecraft:picked_up":{"minecraft:iron_chestplate":1,"minecraft:clay_ball":77,"gravestone:obituary":1,"minecraft:shield":1,"minecraft:gunpowder":4,"minecraft:moss_carpet":1,"minecraft:wheat_seeds":4,"minecraft:iron_pickaxe":1,"minecraft:moss_block":4,"regions_unexplored:blackwood_log":17,"minecraft:iron_sword":1,"minecraft:flowering_azalea":1,"minecraft:stick":2,"minecraft:cooked_porkchop":3,"minecraft:big_dripleaf":2,"minecraft:porkchop":5,"minecraft:dark_oak_log":49,"minecraft:arrow":4,"minecraft:rotten_flesh":5,"minecraft:tropical_fish":6,"regions_unexplored:clover":2,"minecraft:white_wool":1,"alexsmobs:lobster_tail":1,"minecraft:cobblestone":15}},"DataVersion":3465}