{"stats":{"minecraft:crafted":{"regions_unexplored:blackwood_planks":12,"minecraft:cooked_porkchop":1,"minecraft:crafting_table":2,"minecraft:wooden_pickaxe":1,"minecraft:furnace":1,"minecraft:stone_axe":1,"minecraft:cooked_mutton":3,"minecraft:air":0,"travelersbackpack:white_sleeping_bag":2,"minecraft:stick":20,"minecraft:iron_ingot":3,"minecraft:iron_pickaxe":1,"minecraft:stone_pickaxe":1,"minecraft:wooden_axe":3,"minecraft:dark_oak_planks":196},"minecraft:killed":{"alexsmobs:lobster":3,"minecraft:pig":4,"minecraft:spider":1,"enemyexpansion:sprinter":1,"minecraft:sheep":1,"minecraft:horse":1,"minecraft:skeleton":2,"minecraft:zombie":3,"enemyexpansion:botfly":2,"minecraft:tropical_fish":5},"minecraft:broken":{"minecraft:wooden_axe":2},"minecraft:used":{"minecraft:cooked_mutton":1,"minecraft:stone_pickaxe":64,"minecraft:shield":10,"minecraft:wooden_pickaxe":8,"minecraft:iron_sword":21,"minecraft:rotten_flesh":6,"minecraft:crafting_table":2,"regions_unexplored:clover":1,"minecraft:big_dripleaf":2,"minecraft:wooden_axe":138,"alexsmobs:lobster_tail":1,"minecraft:iron_pickaxe":204,"travelersbackpack:white_sleeping_bag":2,"minecraft:stone_axe":11,"minecraft:cooked_porkchop":4,"minecraft:furnace":1,"minecraft:porkchop":2,"regions_unexplored:blackwood_log":6},"minecraft:killed_by":{"mythicmounts:dragon":1,"enemyexpansion:invisicreeper":2},"minecraft:dropped":{"minecraft:wheat_seeds":2,"minecraft:cobbled_deepslate":1,"alexsmobs:animal_dictionary":1,"minecraft:raw_iron":7,"regions_unexplored:clover":5,"minecraft:cooked_mutton":2,"minecraft:gunpowder":2,"gravestone:obituary":7,"minecraft:stone_pickaxe":1},"minecraft:mined":{"create:zinc_ore":2,"create:deepslate_zinc_ore":35,"minecraft:tuff":93,"minecraft:deepslate_diamond_ore":5,"minecraft:dark_oak_log":56,"gravestone:gravestone":4,"regions_unexplored:blackwood_log":63,"travelersbackpack:white_sleeping_bag":1,"minecraft:tall_grass":1,"minecraft:copper_ore":5,"minecraft:deepslate_gold_ore":11,"minecraft:large_fern":1,"minecraft:iron_ore":42,"minecraft:grass":2,"minecraft:coal_ore":22,"minecraft:deepslate_iron_ore":45,"regions_unexplored:clover":5,"regions_unexplored:medium_grass":8,"minecraft:stone":16,"minecraft:fern":1},"minecraft:custom":{"minecraft:interact_with_furnace":8,"minecraft:mob_kills":23,"minecraft:interact_with_crafting_table":12,"minecraft:time_since_death":8603,"minecraft:sleep_in_bed":1,"minecraft:climb_one_cm":1471,"minecraft:time_since_rest":8639,"minecraft:sprint_one_cm":205472,"minecraft:damage_taken":2702,"minecraft:walk_one_cm":91169,"minecraft:damage_blocked_by_shield":400,"minecraft:drop":16,"minecraft:damage_dealt":2147,"minecraft:swim_one_cm":89752,"minecraft:fly_one_cm":277353,"minecraft:open_chest":2,"minecraft:crouch_one_cm":2605,"minecraft:play_time":46405,"minecraft:deaths":6,"minecraft:sneak_time":1336,"minecraft:walk_under_water_one_cm":19554,"minecraft:jump":1261,"minecraft:walk_on_water_one_cm":22536,"minecraft:total_world_time":46405,"minecraft:fall_one_cm":53794},"minecraft:picked_up":{"minecraft:iron_chestplate":1,"minecraft:clay_ball":77,"gravestone:obituary":1,"minecraft:shield":1,"minecraft:gunpowder":6,"minecraft:string":2,"minecraft:moss_carpet":1,"minecraft:wheat_seeds":4,"minecraft:cobbled_deepslate":1,"minecraft:iron_pickaxe":1,"minecraft:moss_block":4,"regions_unexplored:blackwood_log":17,"minecraft:iron_sword":1,"minecraft:flowering_azalea":1,"minecraft:stick":2,"minecraft:cooked_porkchop":3,"minecraft:big_dripleaf":2,"minecraft:porkchop":5,"minecraft:dark_oak_log":49,"travelersbackpack:white_sleeping_bag":1,"minecraft:arrow":4,"minecraft:rotten_flesh":6,"minecraft:tropical_fish":7,"regions_unexplored:clover":6,"minecraft:bone_meal":1,"minecraft:mutton":1,"minecraft:white_wool":6,"alexsmobs:lobster_tail":1,"minecraft:cobblestone":16}},"DataVersion":3465}