{"stats":{"minecraft:broken":{"minecraft:wooden_axe":1},"minecraft:used":{"minecraft:stone_pickaxe":72,"minecraft:wooden_pickaxe":55,"minecraft:cooked_salmon":7,"minecraft:rotten_flesh":3,"minecraft:salmon":3,"minecraft:golden_apple":1,"minecraft:glow_berries":2,"minecraft:dirt":1,"minecraft:sand":1,"minecraft:crafting_table":5,"minecraft:spruce_boat":1,"minecraft:wooden_axe":56,"minecraft:bread":1,"minecraft:stone_axe":15,"minecraft:wooden_sword":30,"minecraft:furnace":1},"minecraft:picked_up":{"minecraft:crafting_table":3,"minecraft:wheat":2,"minecraft:salmon":14,"minecraft:leather":1,"minecraft:lily_pad":3,"minecraft:moss_carpet":1,"minecraft:dirt":1,"minecraft:string":1,"minecraft:raw_copper":27,"minecraft:wheat_seeds":1,"minecraft:beef":2,"minecraft:poppy":1,"minecraft:moss_block":1,"minecraft:sugar_cane":6,"minecraft:dark_oak_sapling":1,"minecraft:stick":6,"minecraft:sweet_berries":3,"quark:shale":2,"minecraft:porkchop":3,"minecraft:sand":1,"minecraft:spruce_sapling":9,"minecraft:spruce_log":33,"minecraft:arrow":2,"alexsmobs:raw_catfish":1,"minecraft:purple_bed":1,"minecraft:rotten_flesh":7,"minecraft:bone_meal":1,"minecraft:golden_apple":1,"minecraft:glow_berries":6,"minecraft:cobblestone":21},"minecraft:killed":{"minecraft:pig":1,"minecraft:salmon":17,"alexsmobs:seal":1,"minecraft:spider":1,"minecraft:skeleton":1,"minecraft:zombie":2,"minecraft:cow":1},"minecraft:killed_by":{"minecraft:enderman":1},"minecraft:dropped":{"minecraft:moss_carpet":1,"minecraft:glow_berries":4,"minecraft:salmon":3,"minecraft:poppy":1,"gravestone:obituary":1,"minecraft:lily_pad":3},"minecraft:mined":{"quark:shale":2,"minecraft:cave_vines_plant":1,"gravestone:gravestone":1,"minecraft:crafting_table":3,"minecraft:poppy":1,"minecraft:copper_ore":15,"minecraft:tall_grass":1,"minecraft:spruce_leaves":11,"minecraft:moss_block":1,"minecraft:sugar_cane":1,"minecraft:purple_bed":1,"minecraft:sweet_berry_bush":1,"minecraft:ice":2,"minecraft:spruce_log":38,"minecraft:big_dripleaf_stem":1,"minecraft:grass":1,"minecraft:coal_ore":83,"minecraft:cave_vines":9,"minecraft:vine":1,"minecraft:dirt":1,"minecraft:sand":1,"minecraft:packed_ice":4,"minecraft:stone":22},"minecraft:custom":{"minecraft:interact_with_furnace":6,"minecraft:mob_kills":25,"minecraft:interact_with_crafting_table":7,"minecraft:open_barrel":2,"minecraft:leave_game":1,"minecraft:time_since_death":35445,"minecraft:climb_one_cm":383,"minecraft:time_since_rest":35476,"minecraft:sprint_one_cm":126233,"minecraft:damage_taken":840,"minecraft:walk_one_cm":82423,"minecraft:drop":9,"minecraft:damage_dealt":2148,"minecraft:swim_one_cm":10721,"minecraft:fly_one_cm":211426,"minecraft:open_chest":1,"minecraft:crouch_one_cm":598,"minecraft:play_time":39011,"minecraft:deaths":1,"minecraft:sneak_time":677,"minecraft:walk_under_water_one_cm":32016,"minecraft:boat_one_cm":32074,"minecraft:jump":873,"minecraft:walk_on_water_one_cm":20904,"minecraft:total_world_time":39011,"minecraft:fall_one_cm":18309},"minecraft:crafted":{"minecraft:wooden_sword":1,"minecraft:crafting_table":3,"minecraft:spruce_planks":152,"minecraft:wooden_pickaxe":1,"minecraft:furnace":1,"minecraft:cooked_salmon":7,"minecraft:stone_axe":1,"minecraft:air":0,"minecraft:stick":16,"minecraft:stone_pickaxe":1,"minecraft:wooden_axe":1,"minecraft:spruce_boat":1}},"DataVersion":3465}