{"stats":{"minecraft:crafted":{"minecraft:wooden_sword":1,"minecraft:oak_planks":28,"minecraft:crafting_table":3,"minecraft:spruce_planks":40,"minecraft:wooden_pickaxe":2,"minecraft:furnace":1,"minecraft:stone_axe":1,"minecraft:bread":114,"minecraft:air":0,"minecraft:spruce_wood":3,"minecraft:stick":28,"quark:oak_chest":2,"minecraft:iron_ingot":7,"minecraft:iron_pickaxe":2,"minecraft:stone_pickaxe":2,"minecraft:wooden_axe":1,"minecraft:stone_sword":1,"minecraft:chest":2,"minecraft:torch":36,"minecraft:stone_hoe":1,"minecraft:wheat":342},"minecraft:used":{"minecraft:stone_pickaxe":257,"minecraft:chest":2,"minecraft:wooden_pickaxe":34,"minecraft:stone_hoe":68,"minecraft:torch":42,"minecraft:dirt":5,"minecraft:crafting_table":5,"minecraft:white_bed":1,"minecraft:wooden_axe":18,"minecraft:apple":3,"minecraft:bread":14,"minecraft:iron_pickaxe":245,"minecraft:stone_axe":23,"minecraft:cobblestone":7,"minecraft:sweet_berries":4,"minecraft:furnace":1,"minecraft:iron_leggings":1},"minecraft:custom":{"minecraft:interact_with_furnace":12,"minecraft:mob_kills":8,"minecraft:interact_with_crafting_table":17,"minecraft:leave_game":1,"minecraft:time_since_death":2999,"minecraft:sleep_in_bed":1,"minecraft:climb_one_cm":166,"minecraft:time_since_rest":3042,"minecraft:sprint_one_cm":230407,"minecraft:damage_taken":907,"minecraft:walk_one_cm":144142,"minecraft:drop":18,"minecraft:damage_dealt":1623,"minecraft:swim_one_cm":7205,"minecraft:fly_one_cm":149628,"minecraft:open_chest":6,"minecraft:crouch_one_cm":2008,"minecraft:play_time":49839,"minecraft:deaths":1,"minecraft:sneak_time":781,"minecraft:walk_under_water_one_cm":3574,"minecraft:jump":871,"minecraft:walk_on_water_one_cm":10321,"minecraft:total_world_time":49839,"minecraft:fall_one_cm":18452},"minecraft:picked_up":{"minecraft:crafting_table":2,"minecraft:iron_chestplate":1,"minecraft:andesite":47,"minecraft:wooden_pickaxe":3,"create:raw_zinc":9,"minecraft:oak_log":7,"minecraft:brewing_stand":1,"minecraft:amethyst_block":29,"minecraft:dirt":5,"minecraft:string":3,"minecraft:iron_leggings":1,"minecraft:bone":2,"minecraft:apple":3,"minecraft:bow":1,"minecraft:wheat_seeds":20,"minecraft:stone_pickaxe":2,"minecraft:fletching_table":1,"minecraft:birch_sapling":1,"minecraft:iron_boots":1,"minecraft:stick":3,"minecraft:raw_iron":3,"minecraft:smooth_basalt":1,"minecraft:sweet_berries":41,"minecraft:oak_fence":1,"minecraft:torch":2,"minecraft:dripstone_block":1,"minecraft:gravel":2,"minecraft:spruce_sapling":3,"minecraft:pointed_dripstone":6,"minecraft:diorite":36,"minecraft:white_bed":2,"minecraft:spruce_log":11,"alexsmobs:animal_dictionary":2,"minecraft:arrow":2,"minecraft:rotten_flesh":2,"minecraft:shears":1,"minecraft:hay_block":38,"minecraft:iron_helmet":1,"minecraft:granite":5,"minecraft:gold_ingot":2,"minecraft:oak_sapling":2,"minecraft:cobblestone":130},"minecraft:killed":{"minecraft:cave_spider":1,"minecraft:spider":1,"enemyexpansion:direwolf":1,"minecraft:creeper":1,"minecraft:skeleton":2,"minecraft:zombie":2},"minecraft:killed_by":{"minecraft:witch":1},"minecraft:mined":{"create:deepslate_zinc_ore":9,"minecraft:white_bed":2,"minecraft:brewing_stand":1,"minecraft:glow_lichen":1,"minecraft:crafting_table":2,"minecraft:torch":2,"minecraft:granite":4,"minecraft:grass_block":5,"minecraft:copper_ore":223,"minecraft:cobblestone":4,"minecraft:diorite":25,"minecraft:amethyst_block":29,"minecraft:hay_block":31,"minecraft:iron_ore":17,"minecraft:sweet_berry_bush":16,"minecraft:spruce_log":11,"minecraft:andesite":26,"minecraft:fletching_table":1,"minecraft:bee_nest":1,"minecraft:grass":65,"minecraft:oak_log":4,"minecraft:pointed_dripstone":2,"minecraft:coal_ore":67,"minecraft:deepslate_iron_ore":1,"minecraft:dripstone_block":1,"minecraft:smooth_basalt":1,"minecraft:stone":119},"minecraft:dropped":{"minecraft:gravel":1,"minecraft:bread":27,"minecraft:sweet_berries":19,"minecraft:wheat_seeds":10,"alexsmobs:animal_dictionary":1,"minecraft:oak_fence":1,"minecraft:rotten_flesh":1,"minecraft:torch":3,"gravestone:obituary":1,"minecraft:stone_pickaxe":4,"minecraft:wooden_pickaxe":4,"minecraft:smooth_basalt":1}},"DataVersion":3465}