{"stats":{"minecraft:crafted":{"regions_unexplored:blackwood_planks":12,"minecraft:crafting_table":2,"minecraft:stick":20,"minecraft:iron_ingot":3,"minecraft:wooden_pickaxe":1,"minecraft:iron_pickaxe":1,"minecraft:stone_pickaxe":1,"minecraft:wooden_axe":3,"minecraft:furnace":1,"minecraft:dark_oak_planks":196,"minecraft:stone_axe":1,"minecraft:air":0},"minecraft:killed":{"minecraft:skeleton":2,"minecraft:zombie":3,"minecraft:pig":1,"enemyexpansion:botfly":2},"minecraft:broken":{"minecraft:wooden_axe":2},"minecraft:used":{"minecraft:big_dripleaf":2,"minecraft:wooden_axe":138,"minecraft:stone_pickaxe":64,"minecraft:wooden_pickaxe":8,"minecraft:rotten_flesh":5,"minecraft:stone_axe":2,"minecraft:crafting_table":2,"minecraft:porkchop":2,"minecraft:furnace":1,"regions_unexplored:blackwood_log":6},"minecraft:killed_by":{"mythicmounts:dragon":1,"enemyexpansion:invisicreeper":1},"minecraft:dropped":{"minecraft:wheat_seeds":2,"alexsmobs:animal_dictionary":1,"gravestone:obituary":5,"minecraft:stone_pickaxe":1},"minecraft:mined":{"minecraft:large_fern":1,"minecraft:iron_ore":30,"minecraft:dark_oak_log":56,"gravestone:gravestone":1,"minecraft:grass":2,"minecraft:coal_ore":22,"regions_unexplored:blackwood_log":63,"minecraft:copper_ore":5,"minecraft:tall_grass":1,"regions_unexplored:medium_grass":4,"minecraft:stone":15,"minecraft:fern":1},"minecraft:custom":{"minecraft:time_since_rest":343,"minecraft:interact_with_furnace":4,"minecraft:sprint_one_cm":80496,"minecraft:damage_taken":1684,"minecraft:walk_one_cm":43981,"minecraft:mob_kills":8,"minecraft:drop":8,"minecraft:damage_dealt":1001,"minecraft:interact_with_crafting_table":9,"minecraft:swim_one_cm":39952,"minecraft:fly_one_cm":115482,"minecraft:crouch_one_cm":855,"minecraft:play_time":22405,"minecraft:deaths":4,"minecraft:sneak_time":589,"minecraft:walk_under_water_one_cm":3938,"minecraft:jump":580,"minecraft:walk_on_water_one_cm":6492,"minecraft:time_since_death":314,"minecraft:total_world_time":22405,"minecraft:climb_one_cm":1166,"minecraft:fall_one_cm":27774},"minecraft:picked_up":{"minecraft:stick":2,"minecraft:clay_ball":77,"minecraft:big_dripleaf":2,"minecraft:porkchop":2,"gravestone:obituary":1,"minecraft:gunpowder":4,"minecraft:dark_oak_log":49,"minecraft:moss_carpet":1,"minecraft:arrow":4,"minecraft:rotten_flesh":5,"minecraft:wheat_seeds":4,"minecraft:moss_block":4,"minecraft:flowering_azalea":1,"regions_unexplored:blackwood_log":17,"minecraft:cobblestone":15}},"DataVersion":3465}