{"stats":{"minecraft:killed_by":{"minecraft:spider":1,"minecraft:zombie":1,"minecraft:pillager":1},"minecraft:killed":{"minecraft:cave_spider":1,"minecraft:witch":2,"minecraft:spider":3,"minecraft:sheep":3,"minecraft:pillager":1,"minecraft:zombie":8,"minecraft:cow":3},"minecraft:mined":{"create:zinc_ore":27,"minecraft:deepslate_redstone_ore":8,"create:deepslate_zinc_ore":31,"minecraft:tuff":102,"minecraft:deepslate_diamond_ore":14,"minecraft:smoker":3,"minecraft:brewing_stand":1,"minecraft:crafting_table":3,"gravestone:gravestone":5,"minecraft:dark_oak_fence":5,"minecraft:blast_furnace":5,"minecraft:dead_bush":1,"minecraft:tall_grass":1,"quark:hollow_cherry_log":3,"travelersbackpack:white_sleeping_bag":3,"minecraft:cobblestone":6,"minecraft:oak_planks":2,"minecraft:deepslate_gold_ore":20,"minecraft:sugar_cane":5,"minecraft:seagrass":1,"minecraft:iron_ore":9,"minecraft:deepslate_lapis_ore":2,"minecraft:grass":9,"minecraft:oak_log":49,"minecraft:coal_ore":33,"minecraft:deepslate_iron_ore":26,"minecraft:dirt":1,"minecraft:gravel":1,"minecraft:bamboo":1,"minecraft:stone":1,"minecraft:deepslate":14},"minecraft:dropped":{"minecraft:wheat_seeds":1,"alexsmobs:animal_dictionary":1,"minecraft:cobblestone":1,"minecraft:oak_planks":87,"minecraft:amethyst_block":1,"minecraft:pufferfish":1,"minecraft:poppy":2,"ribbits:maraca":3,"spartanshields:wooden_tower_shield":1,"minecraft:wooden_axe":2,"minecraft:cooked_cod":3,"minecraft:potion":1,"gravestone:obituary":8,"minecraft:slime_ball":9,"minecraft:stone_pickaxe":1,"minecraft:wooden_pickaxe":1,"minecraft:iron_pickaxe":3,"minecraft:fermented_spider_eye":1,"minecraft:lily_pad":1},"minecraft:picked_up":{"minecraft:crafting_table":4,"minecraft:salmon":8,"minecraft:leather":3,"minecraft:smoker":3,"minecraft:potion":1,"minecraft:tuff":2,"minecraft:oak_log":49,"minecraft:lily_pad":6,"gravestone:obituary":2,"minecraft:brewing_stand":1,"minecraft:gunpowder":5,"minecraft:lapis_lazuli":7,"minecraft:string":4,"minecraft:dirt":1,"minecraft:white_banner":2,"minecraft:pufferfish":1,"minecraft:bone":2,"minecraft:apple":2,"minecraft:iron_pickaxe":1,"minecraft:wheat_seeds":2,"minecraft:raw_gold":15,"minecraft:cobbled_deepslate":16,"ribbits:maraca":4,"minecraft:stone_pickaxe":1,"minecraft:beef":5,"minecraft:cobweb":3,"minecraft:oak_boat":2,"minecraft:poppy":2,"minecraft:bamboo":15,"minecraft:sugar_cane":8,"minecraft:oak_planks":2,"minecraft:raw_iron":1,"minecraft:stick":23,"minecraft:blast_furnace":5,"minecraft:redstone":4,"minecraft:tnt":3,"travelersbackpack:white_sleeping_bag":3,"minecraft:rotten_flesh":5,"minecraft:slime_ball":9,"minecraft:crossbow":1,"minecraft:oak_sapling":28,"minecraft:dark_oak_fence":6,"minecraft:mutton":4,"minecraft:cod":5,"minecraft:coal":96,"minecraft:white_wool":3,"minecraft:cobblestone":8},"minecraft:crafted":{"minecraft:cherry_planks":152,"minecraft:cooked_cod":17,"minecraft:oak_planks":196,"minecraft:crafting_table":2,"minecraft:wooden_pickaxe":1,"spartanshields:wooden_tower_shield":2,"minecraft:cooked_salmon":41,"minecraft:stone_axe":1,"ribbits:maraca":1,"minecraft:cooked_mutton":5,"minecraft:air":0,"minecraft:oak_boat":1,"travelersbackpack:white_sleeping_bag":1,"minecraft:diamond_pickaxe":1,"minecraft:stick":16,"quark:oak_chest":2,"minecraft:iron_ingot":13,"minecraft:iron_pickaxe":2,"minecraft:stone_pickaxe":1,"minecraft:wooden_axe":3},"minecraft:broken":{"minecraft:wooden_axe":1},"minecraft:used":{"minecraft:cooked_mutton":3,"minecraft:water_bucket":17,"minecraft:oak_planks":7,"minecraft:stone_pickaxe":18,"minecraft:wooden_pickaxe":19,"minecraft:cherry_planks":18,"minecraft:golden_apple":1,"minecraft:dirt":1,"minecraft:crafting_table":5,"minecraft:blast_furnace":2,"minecraft:crossbow":7,"minecraft:smoker":3,"minecraft:lava_bucket":11,"minecraft:wooden_axe":65,"spartanshields:wooden_tower_shield":34,"minecraft:diamond_pickaxe":19,"minecraft:apple":2,"minecraft:iron_pickaxe":248,"travelersbackpack:white_sleeping_bag":3,"minecraft:stone_axe":68,"minecraft:tadpole_bucket":3,"minecraft:beef":2,"minecraft:cooked_cod":14,"minecraft:bucket":31,"quark:oak_chest":2,"minecraft:oak_boat":3,"minecraft:splash_potion":1},"minecraft:custom":{"minecraft:mob_kills":23,"minecraft:traded_with_villager":1,"minecraft:interact_with_crafting_table":13,"minecraft:open_barrel":33,"minecraft:eat_cake_slice":4,"minecraft:time_since_death":2242,"minecraft:sleep_in_bed":3,"minecraft:climb_one_cm":2701,"minecraft:time_since_rest":2273,"minecraft:sprint_one_cm":319093,"minecraft:damage_taken":2336,"minecraft:walk_one_cm":203845,"minecraft:damage_blocked_by_shield":515,"minecraft:drop":33,"minecraft:damage_dealt":4157,"minecraft:swim_one_cm":18093,"minecraft:fly_one_cm":277273,"minecraft:open_chest":15,"minecraft:crouch_one_cm":1817,"minecraft:play_time":76956,"minecraft:deaths":6,"minecraft:sneak_time":1039,"minecraft:walk_under_water_one_cm":6645,"minecraft:boat_one_cm":99362,"minecraft:jump":1577,"minecraft:interact_with_blast_furnace":8,"minecraft:walk_on_water_one_cm":21796,"minecraft:interact_with_smoker":23,"minecraft:total_world_time":76956,"minecraft:fall_one_cm":45921}},"DataVersion":3465}