{"stats":{"minecraft:picked_up":{"minecraft:stick":4,"minecraft:crafting_table":3,"quark:shale":2,"minecraft:sand":1,"minecraft:lily_pad":3,"minecraft:spruce_sapling":5,"minecraft:spruce_log":15,"minecraft:dirt":1,"minecraft:rotten_flesh":2,"minecraft:poppy":1,"minecraft:sugar_cane":2,"minecraft:glow_berries":6,"minecraft:cobblestone":11},"minecraft:used":{"minecraft:spruce_boat":1,"minecraft:wooden_axe":16,"minecraft:wooden_pickaxe":17,"minecraft:rotten_flesh":2,"minecraft:glow_berries":2,"minecraft:wooden_sword":4,"minecraft:dirt":1,"minecraft:sand":1,"minecraft:crafting_table":3},"minecraft:killed_by":{"minecraft:enderman":1},"minecraft:dropped":{"minecraft:poppy":1,"minecraft:glow_berries":2,"gravestone:obituary":1,"minecraft:lily_pad":3},"minecraft:mined":{"quark:shale":2,"minecraft:ice":2,"minecraft:spruce_log":15,"minecraft:crafting_table":3,"gravestone:gravestone":1,"minecraft:cave_vines":7,"minecraft:poppy":1,"minecraft:sand":1,"minecraft:dirt":1,"minecraft:packed_ice":4,"minecraft:spruce_leaves":4,"minecraft:stone":12},"minecraft:crafted":{"minecraft:wooden_sword":1,"minecraft:crafting_table":1,"minecraft:spruce_planks":60,"minecraft:stick":16,"minecraft:wooden_pickaxe":1,"minecraft:wooden_axe":1,"minecraft:spruce_boat":1},"minecraft:custom":{"minecraft:time_since_rest":11476,"minecraft:sprint_one_cm":53010,"minecraft:damage_taken":390,"minecraft:walk_one_cm":32162,"minecraft:drop":6,"minecraft:damage_dealt":450,"minecraft:swim_one_cm":7824,"minecraft:interact_with_crafting_table":3,"minecraft:fly_one_cm":75568,"minecraft:open_barrel":2,"minecraft:crouch_one_cm":254,"minecraft:play_time":15011,"minecraft:deaths":1,"minecraft:walk_under_water_one_cm":871,"minecraft:sneak_time":207,"minecraft:boat_one_cm":32074,"minecraft:jump":300,"minecraft:leave_game":1,"minecraft:time_since_death":11445,"minecraft:walk_on_water_one_cm":2142,"minecraft:climb_one_cm":123,"minecraft:total_world_time":15011,"minecraft:fall_one_cm":9291}},"DataVersion":3465}