{"stats":{"minecraft:killed_by":{"minecraft:zombie":1,"alexsmobs:murmur_head":1},"minecraft:killed":{"minecraft:pig":2,"minecraft:spider":2,"minecraft:skeleton":2,"minecraft:sheep":4,"minecraft:zombie":3,"minecraft:chicken":2},"minecraft:mined":{"minecraft:tuff":98,"minecraft:large_amethyst_bud":1,"minecraft:deepslate_diamond_ore":21,"minecraft:candle":2,"minecraft:smoker":1,"minecraft:cherry_log":38,"ribbits:swamp_daisy":1,"ribbits:giant_lilypad":1,"minecraft:crafting_table":3,"gravestone:gravestone":3,"minecraft:dark_oak_fence":3,"minecraft:grass_block":1,"minecraft:poppy":1,"ribbits:toadstool":1,"minecraft:tall_grass":4,"travelersbackpack:white_sleeping_bag":1,"minecraft:deepslate_gold_ore":15,"minecraft:spruce_leaves":1,"minecraft:oak_planks":6,"minecraft:pink_petals":2,"minecraft:coarse_dirt":2,"minecraft:furnace":1,"minecraft:barrel":1,"minecraft:spruce_log":17,"minecraft:yellow_bed":2,"minecraft:grass":27,"minecraft:coal_ore":65,"minecraft:rail":2,"minecraft:deepslate_iron_ore":5,"minecraft:stone":15,"minecraft:oak_leaves":2,"minecraft:deepslate":15},"minecraft:dropped":{"alexsmobs:animal_dictionary":2,"minecraft:feather":1,"minecraft:chicken":1,"minecraft:salmon":8,"minecraft:coal":33,"minecraft:red_mushroom":4,"minecraft:cod":5,"ribbits:maraca":1,"minecraft:poppy":2,"gravestone:obituary":3,"minecraft:wooden_pickaxe":1,"minecraft:pink_petals":7},"minecraft:picked_up":{"minecraft:wooden_axe":1,"minecraft:coarse_dirt":14,"minecraft:pink_petals":7,"minecraft:crafting_table":2,"minecraft:feather":1,"minecraft:chicken":2,"minecraft:wooden_pickaxe":2,"minecraft:smoker":1,"minecraft:potion":1,"minecraft:yellow_bed":2,"minecraft:amethyst_block":1,"minecraft:string":1,"minecraft:dirt":4,"minecraft:pufferfish":1,"minecraft:bone":1,"minecraft:apple":1,"minecraft:kelp":2,"minecraft:bow":1,"minecraft:wheat_seeds":3,"minecraft:candle":7,"minecraft:cobbled_deepslate":14,"minecraft:raw_gold":4,"minecraft:iron_pickaxe":1,"minecraft:poppy":2,"minecraft:oak_planks":93,"minecraft:furnace":1,"minecraft:stick":18,"ribbits:toadstool":1,"ribbits:giant_lilypad":3,"ribbits:swamp_daisy":1,"spartanshields:wooden_tower_shield":1,"minecraft:porkchop":3,"minecraft:cherry_log":38,"minecraft:spruce_sapling":4,"minecraft:spruce_log":17,"minecraft:fermented_spider_eye":1,"minecraft:spider_eye":1,"minecraft:barrel":1,"alexsmobs:animal_dictionary":1,"travelersbackpack:white_sleeping_bag":1,"minecraft:arrow":1,"minecraft:rotten_flesh":7,"minecraft:cooked_cod":3,"minecraft:cherry_sapling":27,"minecraft:oak_sapling":6,"minecraft:mutton":7,"minecraft:coal":36,"minecraft:rail":2,"minecraft:white_wool":4,"minecraft:cobblestone":16},"minecraft:crafted":{"minecraft:cooked_cod":4,"minecraft:cooked_porkchop":3,"minecraft:cooked_chicken":1,"minecraft:furnace":1,"minecraft:cooked_salmon":1,"minecraft:stone_axe":1,"travelersbackpack:white_sleeping_bag":1,"minecraft:stick":4,"minecraft:stone_pickaxe":1,"minecraft:wooden_axe":1},"minecraft:broken":{"minecraft:wooden_axe":2},"minecraft:used":{"minecraft:oak_planks":19,"minecraft:stone_pickaxe":44,"minecraft:wooden_pickaxe":39,"minecraft:rotten_flesh":2,"minecraft:cooked_chicken":1,"minecraft:cooked_salmon":1,"minecraft:salmon":7,"minecraft:rail":1,"minecraft:dirt":1,"minecraft:mutton":6,"minecraft:crafting_table":2,"spartanshields:wooden_tower_shield":8,"minecraft:wooden_axe":112,"minecraft:apple":1,"minecraft:iron_pickaxe":156,"travelersbackpack:white_sleeping_bag":2,"minecraft:spruce_sapling":4,"minecraft:barrel":1,"minecraft:stone_axe":45,"minecraft:cobblestone":1,"minecraft:cooked_porkchop":3,"minecraft:furnace":2,"minecraft:oak_sapling":6,"minecraft:cooked_cod":7,"minecraft:yellow_bed":2,"minecraft:coarse_dirt":14},"minecraft:custom":{"minecraft:interact_with_furnace":10,"spartanshields:shield_bash_hits":1,"minecraft:mob_kills":16,"minecraft:interact_with_anvil":1,"minecraft:interact_with_crafting_table":14,"minecraft:open_barrel":40,"minecraft:time_since_death":4899,"minecraft:sleep_in_bed":3,"minecraft:climb_one_cm":2698,"minecraft:time_since_rest":4993,"minecraft:walk_one_cm":174191,"minecraft:sprint_one_cm":262324,"minecraft:damage_taken":1580,"minecraft:damage_blocked_by_shield":225,"minecraft:drop":16,"minecraft:damage_dealt":1827,"minecraft:swim_one_cm":17566,"minecraft:fly_one_cm":186745,"minecraft:open_chest":14,"minecraft:crouch_one_cm":922,"minecraft:play_time":76489,"minecraft:deaths":3,"minecraft:sneak_time":881,"minecraft:walk_under_water_one_cm":4870,"minecraft:boat_one_cm":66409,"minecraft:jump":1152,"minecraft:interact_with_brewingstand":1,"minecraft:walk_on_water_one_cm":22666,"minecraft:total_world_time":76489,"minecraft:interact_with_smoker":6,"minecraft:fall_one_cm":28639}},"DataVersion":3465}