{"stats":{"minecraft:killed":{"minecraft:sheep":4,"minecraft:zombie":2,"minecraft:chicken":2},"minecraft:mined":{"minecraft:candle":2,"minecraft:barrel":1,"ribbits:swamp_daisy":1,"ribbits:giant_lilypad":1,"minecraft:yellow_bed":2,"minecraft:crafting_table":1,"gravestone:gravestone":1,"minecraft:grass":27,"minecraft:poppy":1,"ribbits:toadstool":1,"travelersbackpack:white_sleeping_bag":1,"minecraft:tall_grass":4},"minecraft:dropped":{"minecraft:poppy":1,"alexsmobs:animal_dictionary":1,"minecraft:chicken":1,"gravestone:obituary":1,"minecraft:salmon":8,"minecraft:cod":5},"minecraft:picked_up":{"minecraft:wooden_axe":1,"ribbits:giant_lilypad":3,"minecraft:stick":1,"ribbits:toadstool":1,"ribbits:swamp_daisy":1,"minecraft:feather":1,"minecraft:chicken":2,"minecraft:potion":1,"minecraft:yellow_bed":2,"minecraft:fermented_spider_eye":1,"minecraft:barrel":1,"travelersbackpack:white_sleeping_bag":1,"minecraft:rotten_flesh":3,"minecraft:apple":1,"minecraft:kelp":2,"minecraft:wheat_seeds":3,"minecraft:candle":7,"minecraft:poppy":2,"minecraft:oak_sapling":6,"minecraft:mutton":7,"minecraft:oak_planks":87,"minecraft:white_wool":4},"minecraft:crafted":{"travelersbackpack:white_sleeping_bag":1,"minecraft:stick":4,"minecraft:wooden_axe":1},"minecraft:broken":{"minecraft:wooden_axe":1},"minecraft:used":{"minecraft:wooden_axe":48,"minecraft:apple":1,"travelersbackpack:white_sleeping_bag":1,"minecraft:barrel":1,"minecraft:salmon":3,"minecraft:mutton":6,"minecraft:oak_sapling":6,"minecraft:yellow_bed":1},"minecraft:custom":{"minecraft:time_since_rest":958,"minecraft:sprint_one_cm":123799,"minecraft:damage_taken":345,"minecraft:walk_one_cm":63597,"minecraft:interact_with_anvil":1,"minecraft:mob_kills":9,"minecraft:drop":6,"minecraft:damage_dealt":564,"minecraft:swim_one_cm":5045,"minecraft:interact_with_crafting_table":4,"minecraft:fly_one_cm":119352,"minecraft:open_barrel":40,"minecraft:open_chest":10,"minecraft:crouch_one_cm":183,"minecraft:play_time":28489,"minecraft:deaths":1,"minecraft:sneak_time":112,"minecraft:walk_under_water_one_cm":4422,"minecraft:boat_one_cm":32715,"minecraft:jump":657,"minecraft:interact_with_brewingstand":1,"minecraft:walk_on_water_one_cm":14769,"minecraft:time_since_death":15909,"minecraft:sleep_in_bed":2,"minecraft:interact_with_smoker":1,"minecraft:climb_one_cm":2698,"minecraft:total_world_time":28489,"minecraft:fall_one_cm":14704}},"DataVersion":3465}