{"stats":{"minecraft:killed":{"minecraft:sheep":4,"minecraft:zombie":2,"minecraft:chicken":2},"minecraft:mined":{"minecraft:large_amethyst_bud":1,"minecraft:candle":2,"minecraft:cherry_log":38,"ribbits:swamp_daisy":1,"ribbits:giant_lilypad":1,"minecraft:crafting_table":2,"gravestone:gravestone":1,"minecraft:dark_oak_fence":1,"minecraft:grass_block":1,"minecraft:poppy":1,"ribbits:toadstool":1,"minecraft:tall_grass":4,"travelersbackpack:white_sleeping_bag":1,"minecraft:pink_petals":2,"minecraft:barrel":1,"minecraft:spruce_log":17,"minecraft:yellow_bed":2,"minecraft:grass":27,"minecraft:coal_ore":34,"minecraft:stone":15,"minecraft:oak_leaves":2},"minecraft:dropped":{"alexsmobs:animal_dictionary":1,"minecraft:chicken":1,"minecraft:salmon":8,"minecraft:cod":5,"minecraft:poppy":2,"gravestone:obituary":1},"minecraft:picked_up":{"minecraft:wooden_axe":1,"minecraft:pink_petals":7,"minecraft:crafting_table":1,"minecraft:feather":1,"minecraft:chicken":2,"minecraft:wooden_pickaxe":1,"minecraft:potion":1,"minecraft:yellow_bed":2,"minecraft:dirt":1,"minecraft:pufferfish":1,"minecraft:apple":1,"minecraft:kelp":2,"minecraft:wheat_seeds":3,"minecraft:candle":7,"minecraft:poppy":2,"minecraft:oak_planks":87,"minecraft:stick":18,"ribbits:toadstool":1,"ribbits:giant_lilypad":3,"ribbits:swamp_daisy":1,"minecraft:cherry_log":38,"minecraft:spruce_sapling":4,"minecraft:spruce_log":17,"minecraft:fermented_spider_eye":1,"minecraft:barrel":1,"travelersbackpack:white_sleeping_bag":1,"minecraft:rotten_flesh":3,"minecraft:cherry_sapling":27,"minecraft:oak_sapling":6,"minecraft:mutton":7,"minecraft:coal":3,"minecraft:white_wool":4,"minecraft:cobblestone":15},"minecraft:crafted":{"minecraft:cooked_cod":4,"minecraft:cooked_chicken":1,"minecraft:furnace":1,"minecraft:cooked_salmon":1,"minecraft:stone_axe":1,"travelersbackpack:white_sleeping_bag":1,"minecraft:stick":4,"minecraft:stone_pickaxe":1,"minecraft:wooden_axe":1},"minecraft:broken":{"minecraft:wooden_axe":2},"minecraft:used":{"minecraft:stone_pickaxe":15,"minecraft:wooden_pickaxe":35,"minecraft:cooked_salmon":1,"minecraft:salmon":7,"minecraft:dirt":1,"minecraft:mutton":6,"minecraft:crafting_table":1,"minecraft:wooden_axe":112,"minecraft:apple":1,"travelersbackpack:white_sleeping_bag":1,"minecraft:barrel":1,"minecraft:furnace":1,"minecraft:oak_sapling":6,"minecraft:cooked_cod":1,"minecraft:yellow_bed":1},"minecraft:custom":{"minecraft:interact_with_furnace":7,"minecraft:mob_kills":9,"minecraft:interact_with_anvil":1,"minecraft:interact_with_crafting_table":14,"minecraft:open_barrel":40,"minecraft:time_since_death":27909,"minecraft:sleep_in_bed":2,"minecraft:climb_one_cm":2698,"minecraft:time_since_rest":12958,"minecraft:walk_one_cm":85043,"minecraft:sprint_one_cm":157537,"minecraft:damage_taken":400,"minecraft:drop":7,"minecraft:damage_dealt":588,"minecraft:swim_one_cm":5045,"minecraft:fly_one_cm":136794,"minecraft:open_chest":10,"minecraft:crouch_one_cm":183,"minecraft:play_time":40489,"minecraft:deaths":1,"minecraft:sneak_time":112,"minecraft:walk_under_water_one_cm":4422,"minecraft:boat_one_cm":32715,"minecraft:jump":811,"minecraft:interact_with_brewingstand":1,"minecraft:walk_on_water_one_cm":15542,"minecraft:total_world_time":40489,"minecraft:interact_with_smoker":3,"minecraft:fall_one_cm":16550}},"DataVersion":3465}