{"stats":{"minecraft:killed_by":{"minecraft:enderman":2,"alexsmobs:murmur_head":1,"minecraft:skeleton":1,"minecraft:zombie":1},"minecraft:crafted":{"minecraft:cooked_chicken":1,"minecraft:furnace":1,"travelersbackpack:white_sleeping_bag":1,"minecraft:stone_pickaxe":1,"minecraft:oak_fence":33,"minecraft:cooked_beef":0,"minecraft:cooked_cod":4,"minecraft:diamond_sword":2,"minecraft:cooked_porkchop":3,"minecraft:diamond_axe":2,"minecraft:cooked_salmon":1,"minecraft:copper_ingot":10,"minecraft:bucket":1,"minecraft:stone_axe":1,"minecraft:air":0,"minecraft:diamond_pickaxe":1,"minecraft:stick":12,"minecraft:wooden_axe":1},"minecraft:dropped":{"minecraft:iron_ingot":1,"minecraft:porkchop":3,"minecraft:oak_pressure_plate":1,"minecraft:diamond_axe":2,"minecraft:cooked_beef":1,"minecraft:iron_helmet":1,"minecraft:feather":1,"minecraft:copper_ingot":66,"minecraft:coal":33,"alexsmobs:raw_catfish":15,"minecraft:golden_apple":3,"minecraft:red_mushroom":4,"minecraft:cod":5,"ribbits:maraca":1,"spartanshields:wooden_tower_shield":1,"minecraft:mutton":7,"minecraft:iron_leggings":1,"gravestone:obituary":6,"create:iron_sheet":2,"minecraft:pink_petals":7,"minecraft:white_wool":7,"create:raw_zinc":37,"minecraft:armor_stand":2,"alexsmobs:animal_dictionary":2,"minecraft:raw_copper":66,"minecraft:chicken":6,"minecraft:light_gray_wool":1,"minecraft:salmon":9,"minecraft:diamond_sword":2,"minecraft:poppy":2,"minecraft:spruce_trapdoor":2,"create:zinc_ingot":37,"minecraft:wooden_pickaxe":1},"minecraft:broken":{"minecraft:wooden_pickaxe":1,"minecraft:stone_axe":1,"minecraft:wooden_axe":2},"minecraft:mined":{"minecraft:large_amethyst_bud":1,"minecraft:tuff":104,"minecraft:white_bed":2,"minecraft:deepslate_diamond_ore":21,"minecraft:candle":2,"minecraft:cherry_log":38,"minecraft:cherry_sapling":1,"minecraft:spruce_trapdoor":2,"ribbits:giant_lilypad":1,"minecraft:granite":2,"gravestone:gravestone":6,"minecraft:dark_oak_fence":3,"minecraft:stone_brick_wall":1,"minecraft:grass_block":7,"ribbits:toadstool":1,"travelersbackpack:white_sleeping_bag":2,"minecraft:spruce_leaves":7,"minecraft:hay_block":47,"minecraft:tall_seagrass":4,"minecraft:furnace":1,"minecraft:iron_ore":6,"minecraft:barrel":1,"minecraft:bookshelf":1,"minecraft:deepslate_iron_ore":5,"minecraft:rail":2,"minecraft:bamboo":1,"minecraft:stone":108,"minecraft:deepslate_redstone_ore":8,"minecraft:scaffolding":16,"minecraft:brown_carpet":1,"quark:oak_chest":2,"minecraft:smoker":3,"ribbits:swamp_daisy":1,"ironfurnaces:iron_furnace":1,"travelersbackpack:standard":1,"minecraft:oak_fence":3,"minecraft:crafting_table":4,"minecraft:blast_furnace":2,"minecraft:poppy":1,"minecraft:rose_bush":2,"minecraft:campfire":1,"minecraft:copper_ore":20,"minecraft:tall_grass":20,"minecraft:lapis_ore":2,"minecraft:deepslate_gold_ore":15,"minecraft:oak_planks":58,"minecraft:pink_petals":4,"minecraft:seagrass":4,"minecraft:coarse_dirt":3,"minecraft:beehive":1,"minecraft:sweet_berry_bush":13,"minecraft:spruce_log":28,"minecraft:cherry_door":2,"minecraft:yellow_bed":2,"minecraft:grass":83,"minecraft:oak_log":1,"minecraft:coal_ore":155,"minecraft:gravel":9,"minecraft:sand":49,"minecraft:dirt":8,"minecraft:stone_bricks":3,"minecraft:small_dripleaf":1,"minecraft:oak_leaves":3,"minecraft:deepslate":49,"minecraft:fern":2},"minecraft:picked_up":{"minecraft:wooden_axe":1,"minecraft:iron_chestplate":1,"minecraft:charcoal":2,"minecraft:crafting_table":3,"minecraft:coarse_dirt":15,"minecraft:wheat":1,"minecraft:chicken":7,"minecraft:diamond_sword":1,"minecraft:wooden_pickaxe":2,"minecraft:potion":1,"minecraft:amethyst_block":1,"alexsmobs:cooked_catfish":8,"minecraft:raw_copper":66,"minecraft:string":1,"minecraft:cooked_salmon":5,"minecraft:iron_leggings":2,"minecraft:armor_stand":2,"minecraft:white_carpet":2,"minecraft:pufferfish":2,"minecraft:candle":7,"minecraft:cobbled_deepslate":48,"minecraft:beef":6,"minecraft:rose_bush":2,"alexsmobs:raccoon_tail":1,"minecraft:light_gray_wool":1,"minecraft:poppy":2,"minecraft:iron_pickaxe":1,"minecraft:spruce_trapdoor":4,"minecraft:iron_boots":1,"minecraft:egg":6,"minecraft:furnace":2,"minecraft:beehive":1,"ribbits:swamp_daisy":1,"minecraft:stick":56,"ribbits:toadstool":1,"ribbits:giant_lilypad":3,"minecraft:copper_ingot":75,"minecraft:oak_fence":3,"minecraft:porkchop":6,"minecraft:dried_kelp":16,"minecraft:cherry_log":38,"create:zinc_ingot":65,"minecraft:cooked_cod":3,"minecraft:arrow":3,"minecraft:rotten_flesh":20,"minecraft:tropical_fish":7,"minecraft:hay_block":48,"minecraft:glow_berries":5,"minecraft:mutton":32,"minecraft:rail":3,"minecraft:white_wool":17,"minecraft:cobblestone":98,"minecraft:pink_petals":17,"create:iron_sheet":2,"minecraft:cooked_beef":8,"minecraft:feather":3,"minecraft:salmon":1,"minecraft:leather":7,"minecraft:smoker":3,"minecraft:oak_log":1,"minecraft:tuff":6,"create:raw_zinc":70,"minecraft:yellow_bed":2,"minecraft:cherry_door":3,"minecraft:dirt":37,"minecraft:lantern":4,"minecraft:cooked_mutton":1,"minecraft:bone":4,"minecraft:stone_bricks":5,"minecraft:apple":1,"minecraft:kelp":2,"minecraft:bow":2,"minecraft:wheat_seeds":18,"minecraft:raw_gold":4,"minecraft:iron_ingot":11,"minecraft:cooked_chicken":2,"minecraft:bamboo":4,"minecraft:oak_planks":150,"ironfurnaces:iron_furnace":2,"minecraft:book":3,"minecraft:scaffolding":19,"minecraft:cooked_porkchop":1,"minecraft:sweet_berries":30,"minecraft:oak_pressure_plate":1,"minecraft:gravel":5,"spartanshields:wooden_tower_shield":3,"minecraft:sand":49,"minecraft:spruce_sapling":4,"minecraft:ink_sac":11,"minecraft:blast_furnace":2,"minecraft:white_bed":2,"minecraft:spruce_log":30,"minecraft:fermented_spider_eye":1,"minecraft:barrel":1,"quark:oak_chest":2,"minecraft:spider_eye":2,"alexsmobs:animal_dictionary":1,"travelersbackpack:white_sleeping_bag":1,"alexsmobs:raw_catfish":15,"travelersbackpack:standard":1,"minecraft:iron_helmet":2,"minecraft:granite":2,"minecraft:crossbow":1,"minecraft:diamond_axe":1,"minecraft:cherry_sapling":28,"minecraft:golden_apple":3,"minecraft:spruce_sign":1,"minecraft:oak_sapling":6,"minecraft:black_wool":1,"minecraft:coal":186,"minecraft:ender_pearl":1},"minecraft:killed":{"alexsmobs:raccoon":2,"minecraft:spider":2,"minecraft:horse":2,"minecraft:skeleton":3,"minecraft:chicken":5,"minecraft:pig":3,"minecraft:salmon":1,"minecraft:squid":5,"minecraft:sheep":20,"alexsmobs:catfish":9,"minecraft:zombie":7,"alexsmobs:terrapin":1,"minecraft:cow":3},"minecraft:custom":{"minecraft:mob_kills":64,"minecraft:interact_with_anvil":1,"minecraft:animals_bred":1,"minecraft:interact_with_crafting_table":30,"minecraft:open_barrel":40,"minecraft:leave_game":1,"minecraft:time_since_death":39430,"minecraft:climb_one_cm":2975,"minecraft:sprint_one_cm":569461,"minecraft:walk_one_cm":372664,"minecraft:damage_blocked_by_shield":225,"minecraft:drop":49,"minecraft:play_time":267017,"minecraft:deaths":6,"minecraft:sneak_time":2547,"minecraft:walk_under_water_one_cm":28668,"minecraft:boat_one_cm":66409,"minecraft:jump":3700,"minecraft:interact_with_brewingstand":1,"minecraft:interact_with_blast_furnace":2,"minecraft:walk_on_water_one_cm":76911,"minecraft:total_world_time":267017,"minecraft:interact_with_furnace":23,"spartanshields:shield_bash_hits":1,"minecraft:sleep_in_bed":10,"minecraft:time_since_rest":13808,"minecraft:damage_taken":3740,"minecraft:damage_dealt":7625,"minecraft:swim_one_cm":105137,"minecraft:fly_one_cm":677026,"minecraft:open_chest":58,"minecraft:crouch_one_cm":1295,"minecraft:interact_with_smoker":8,"minecraft:fall_one_cm":101333},"minecraft:used":{"minecraft:oak_fence":16,"minecraft:cherry_sapling":1,"minecraft:cooked_salmon":5,"minecraft:cooked_chicken":1,"minecraft:rotten_flesh":2,"minecraft:dirt":6,"minecraft:mutton":10,"minecraft:tuff":33,"spartanshields:wooden_tower_shield":8,"minecraft:wooden_axe":112,"minecraft:iron_helmet":1,"minecraft:barrel":1,"minecraft:stone_bricks":1,"ironfurnaces:iron_furnace":1,"minecraft:sweet_berries":36,"minecraft:oak_sapling":6,"minecraft:furnace":2,"minecraft:cooked_cod":7,"minecraft:egg":1,"minecraft:cooked_beef":14,"alexsmobs:cooked_catfish":3,"minecraft:water_bucket":2,"minecraft:oak_planks":85,"minecraft:stone_pickaxe":84,"minecraft:wooden_pickaxe":41,"minecraft:diamond_axe":145,"minecraft:salmon":7,"minecraft:rail":1,"minecraft:crafting_table":2,"minecraft:spruce_log":18,"minecraft:diamond_pickaxe":214,"minecraft:black_wool":1,"minecraft:apple":1,"minecraft:cherry_door":3,"minecraft:iron_pickaxe":222,"travelersbackpack:white_sleeping_bag":2,"minecraft:spruce_trapdoor":2,"minecraft:spruce_sapling":4,"minecraft:stone_axe":76,"minecraft:pink_petals":8,"minecraft:diamond_sword":203,"minecraft:cobblestone":11,"travelersbackpack:standard":6,"minecraft:cooked_porkchop":3,"minecraft:bucket":3,"minecraft:yellow_bed":2,"minecraft:coarse_dirt":14}},"DataVersion":3465}