{"stats":{"minecraft:killed_by":{"alexsmobs:murmur_head":1,"minecraft:skeleton":1,"minecraft:zombie":1},"minecraft:crafted":{"minecraft:cooked_chicken":1,"minecraft:furnace":1,"travelersbackpack:white_sleeping_bag":1,"minecraft:stone_pickaxe":1,"minecraft:cooked_cod":4,"minecraft:diamond_sword":2,"minecraft:cooked_porkchop":3,"minecraft:diamond_axe":2,"minecraft:cooked_salmon":1,"minecraft:stone_axe":1,"minecraft:diamond_pickaxe":1,"minecraft:stick":4,"minecraft:wooden_axe":1},"minecraft:dropped":{"minecraft:diamond_axe":2,"minecraft:feather":1,"minecraft:coal":33,"minecraft:golden_apple":3,"minecraft:red_mushroom":4,"minecraft:cod":5,"ribbits:maraca":1,"gravestone:obituary":4,"minecraft:pink_petals":7,"minecraft:white_wool":7,"alexsmobs:animal_dictionary":2,"minecraft:chicken":1,"minecraft:salmon":8,"minecraft:diamond_sword":1,"minecraft:poppy":2,"minecraft:wooden_pickaxe":1},"minecraft:broken":{"minecraft:wooden_pickaxe":1,"minecraft:wooden_axe":2},"minecraft:mined":{"minecraft:large_amethyst_bud":1,"minecraft:tuff":104,"minecraft:deepslate_diamond_ore":21,"minecraft:candle":2,"minecraft:cherry_log":38,"ribbits:giant_lilypad":1,"gravestone:gravestone":4,"minecraft:dark_oak_fence":3,"minecraft:grass_block":2,"ribbits:toadstool":1,"travelersbackpack:white_sleeping_bag":2,"minecraft:spruce_leaves":3,"minecraft:furnace":1,"minecraft:iron_ore":2,"minecraft:barrel":1,"minecraft:deepslate_iron_ore":5,"minecraft:rail":2,"minecraft:bamboo":1,"minecraft:stone":38,"minecraft:deepslate_redstone_ore":8,"quark:oak_chest":2,"minecraft:smoker":3,"ribbits:swamp_daisy":1,"travelersbackpack:standard":1,"minecraft:crafting_table":4,"minecraft:blast_furnace":2,"minecraft:poppy":1,"minecraft:tall_grass":11,"minecraft:deepslate_gold_ore":15,"minecraft:oak_planks":53,"minecraft:pink_petals":2,"minecraft:coarse_dirt":3,"minecraft:sweet_berry_bush":13,"minecraft:spruce_log":28,"minecraft:cherry_door":1,"minecraft:yellow_bed":2,"minecraft:grass":57,"minecraft:oak_log":1,"minecraft:coal_ore":76,"minecraft:sand":49,"minecraft:dirt":3,"minecraft:oak_leaves":3,"minecraft:deepslate":49,"minecraft:fern":2},"minecraft:picked_up":{"minecraft:wooden_axe":1,"minecraft:crafting_table":3,"minecraft:coarse_dirt":15,"minecraft:chicken":2,"minecraft:wooden_pickaxe":2,"minecraft:potion":1,"minecraft:amethyst_block":1,"minecraft:string":1,"minecraft:cooked_salmon":4,"minecraft:pufferfish":2,"minecraft:candle":7,"minecraft:cobbled_deepslate":48,"minecraft:poppy":2,"minecraft:iron_pickaxe":1,"minecraft:egg":1,"minecraft:furnace":2,"ribbits:swamp_daisy":1,"minecraft:stick":53,"ribbits:toadstool":1,"ribbits:giant_lilypad":3,"minecraft:copper_ingot":9,"minecraft:porkchop":3,"minecraft:dried_kelp":16,"minecraft:cherry_log":38,"create:zinc_ingot":28,"minecraft:cooked_cod":3,"minecraft:arrow":3,"minecraft:rotten_flesh":17,"minecraft:tropical_fish":7,"minecraft:glow_berries":5,"minecraft:mutton":25,"minecraft:rail":3,"minecraft:white_wool":13,"minecraft:cobblestone":33,"minecraft:pink_petals":7,"minecraft:cooked_beef":6,"minecraft:feather":1,"minecraft:smoker":3,"minecraft:oak_log":1,"minecraft:tuff":6,"create:raw_zinc":33,"minecraft:yellow_bed":2,"minecraft:cherry_door":1,"minecraft:dirt":25,"minecraft:bone":4,"minecraft:apple":1,"minecraft:kelp":2,"minecraft:bow":2,"minecraft:wheat_seeds":6,"minecraft:raw_gold":4,"minecraft:iron_ingot":10,"minecraft:bamboo":4,"minecraft:oak_planks":145,"ironfurnaces:iron_furnace":1,"minecraft:sweet_berries":30,"minecraft:gravel":5,"spartanshields:wooden_tower_shield":1,"minecraft:sand":49,"minecraft:spruce_sapling":4,"minecraft:blast_furnace":2,"minecraft:spruce_log":30,"minecraft:fermented_spider_eye":1,"minecraft:barrel":1,"quark:oak_chest":2,"minecraft:spider_eye":2,"alexsmobs:animal_dictionary":1,"travelersbackpack:white_sleeping_bag":1,"travelersbackpack:standard":1,"minecraft:crossbow":1,"minecraft:diamond_axe":1,"minecraft:cherry_sapling":27,"minecraft:golden_apple":3,"minecraft:oak_sapling":6,"minecraft:black_wool":1,"minecraft:coal":186},"minecraft:killed":{"minecraft:spider":2,"minecraft:skeleton":3,"minecraft:chicken":2,"minecraft:pig":2,"minecraft:sheep":15,"minecraft:zombie":3,"alexsmobs:terrapin":1},"minecraft:custom":{"minecraft:mob_kills":29,"minecraft:interact_with_anvil":1,"minecraft:interact_with_crafting_table":27,"minecraft:open_barrel":40,"minecraft:leave_game":1,"minecraft:time_since_death":64212,"minecraft:climb_one_cm":2698,"minecraft:sprint_one_cm":417315,"minecraft:walk_one_cm":251369,"minecraft:damage_blocked_by_shield":225,"minecraft:drop":24,"minecraft:play_time":165017,"minecraft:deaths":4,"minecraft:sneak_time":1506,"minecraft:walk_under_water_one_cm":9097,"minecraft:boat_one_cm":66409,"minecraft:jump":2663,"minecraft:interact_with_brewingstand":1,"minecraft:interact_with_blast_furnace":1,"minecraft:walk_on_water_one_cm":41601,"minecraft:total_world_time":165017,"minecraft:interact_with_furnace":13,"spartanshields:shield_bash_hits":1,"minecraft:sleep_in_bed":6,"minecraft:time_since_rest":44841,"minecraft:damage_taken":2640,"minecraft:damage_dealt":3242,"minecraft:swim_one_cm":42478,"minecraft:fly_one_cm":490904,"minecraft:open_chest":34,"minecraft:crouch_one_cm":1219,"minecraft:interact_with_smoker":8,"minecraft:fall_one_cm":71301},"minecraft:used":{"minecraft:cooked_salmon":5,"minecraft:cooked_chicken":1,"minecraft:rotten_flesh":2,"minecraft:dirt":4,"minecraft:mutton":10,"minecraft:tuff":33,"spartanshields:wooden_tower_shield":8,"minecraft:wooden_axe":112,"minecraft:barrel":1,"ironfurnaces:iron_furnace":1,"minecraft:sweet_berries":36,"minecraft:oak_sapling":6,"minecraft:furnace":2,"minecraft:cooked_cod":7,"minecraft:egg":1,"minecraft:cooked_beef":6,"minecraft:oak_planks":82,"minecraft:stone_pickaxe":70,"minecraft:wooden_pickaxe":41,"minecraft:diamond_axe":65,"minecraft:salmon":7,"minecraft:rail":1,"minecraft:crafting_table":2,"minecraft:spruce_log":18,"minecraft:diamond_pickaxe":26,"minecraft:black_wool":1,"minecraft:apple":1,"minecraft:iron_pickaxe":220,"travelersbackpack:white_sleeping_bag":2,"minecraft:spruce_sapling":4,"minecraft:stone_axe":53,"minecraft:diamond_sword":74,"minecraft:cobblestone":2,"travelersbackpack:standard":2,"minecraft:cooked_porkchop":3,"minecraft:yellow_bed":2,"minecraft:coarse_dirt":14}},"DataVersion":3465}