{"stats":{"minecraft:killed":{"minecraft:sheep":4,"minecraft:zombie":2,"minecraft:chicken":2},"minecraft:mined":{"minecraft:candle":1,"ribbits:swamp_daisy":1,"minecraft:yellow_bed":1,"minecraft:crafting_table":1,"gravestone:gravestone":1,"minecraft:grass":27,"minecraft:poppy":1,"travelersbackpack:white_sleeping_bag":1,"minecraft:tall_grass":4},"minecraft:dropped":{"minecraft:poppy":1,"alexsmobs:animal_dictionary":1,"minecraft:chicken":1,"gravestone:obituary":1},"minecraft:picked_up":{"minecraft:wooden_axe":1,"minecraft:stick":1,"ribbits:swamp_daisy":1,"minecraft:feather":1,"minecraft:chicken":2,"minecraft:yellow_bed":1,"travelersbackpack:white_sleeping_bag":1,"minecraft:rotten_flesh":3,"minecraft:apple":1,"minecraft:wheat_seeds":3,"minecraft:candle":4,"minecraft:poppy":1,"minecraft:oak_sapling":6,"minecraft:mutton":7,"minecraft:white_wool":4},"minecraft:crafted":{"travelersbackpack:white_sleeping_bag":1},"minecraft:broken":{"minecraft:wooden_axe":1},"minecraft:used":{"minecraft:wooden_axe":48,"minecraft:apple":1,"travelersbackpack:white_sleeping_bag":1,"minecraft:mutton":2,"minecraft:oak_sapling":6},"minecraft:custom":{"minecraft:time_since_rest":2974,"minecraft:sprint_one_cm":75598,"minecraft:damage_taken":345,"minecraft:walk_one_cm":36212,"minecraft:mob_kills":9,"minecraft:drop":4,"minecraft:damage_dealt":564,"minecraft:swim_one_cm":5045,"minecraft:interact_with_crafting_table":2,"minecraft:fly_one_cm":75853,"minecraft:open_barrel":5,"minecraft:open_chest":6,"minecraft:crouch_one_cm":2,"minecraft:play_time":16489,"minecraft:deaths":1,"minecraft:sneak_time":1,"minecraft:walk_under_water_one_cm":4422,"minecraft:boat_one_cm":32715,"minecraft:jump":441,"minecraft:interact_with_brewingstand":1,"minecraft:walk_on_water_one_cm":9811,"minecraft:time_since_death":3909,"minecraft:sleep_in_bed":1,"minecraft:interact_with_smoker":1,"minecraft:climb_one_cm":1723,"minecraft:total_world_time":16489,"minecraft:fall_one_cm":10940}},"DataVersion":3465}