{"stats":{"minecraft:killed_by":{"minecraft:enderman":2,"alexsmobs:murmur_head":1,"minecraft:skeleton":1,"minecraft:zombie":1},"minecraft:crafted":{"minecraft:cooked_chicken":1,"minecraft:furnace":1,"travelersbackpack:white_sleeping_bag":1,"minecraft:stone_pickaxe":1,"minecraft:cooked_beef":0,"minecraft:cooked_cod":4,"minecraft:diamond_sword":2,"minecraft:cooked_porkchop":3,"minecraft:diamond_axe":2,"minecraft:cooked_salmon":1,"minecraft:copper_ingot":10,"minecraft:bucket":1,"minecraft:stone_axe":1,"minecraft:air":0,"minecraft:diamond_pickaxe":1,"minecraft:stick":4,"minecraft:wooden_axe":1},"minecraft:dropped":{"minecraft:iron_ingot":1,"minecraft:diamond_axe":2,"minecraft:cooked_beef":1,"minecraft:feather":1,"minecraft:copper_ingot":66,"minecraft:coal":33,"minecraft:golden_apple":3,"minecraft:red_mushroom":4,"minecraft:cod":5,"ribbits:maraca":1,"gravestone:obituary":6,"create:iron_sheet":2,"minecraft:pink_petals":7,"minecraft:white_wool":7,"create:raw_zinc":37,"alexsmobs:animal_dictionary":2,"minecraft:raw_copper":66,"minecraft:chicken":1,"minecraft:salmon":8,"minecraft:diamond_sword":2,"minecraft:poppy":2,"create:zinc_ingot":37,"minecraft:wooden_pickaxe":1},"minecraft:broken":{"minecraft:wooden_pickaxe":1,"minecraft:stone_axe":1,"minecraft:wooden_axe":2},"minecraft:mined":{"minecraft:large_amethyst_bud":1,"minecraft:tuff":104,"minecraft:deepslate_diamond_ore":21,"minecraft:candle":2,"minecraft:cherry_log":38,"minecraft:cherry_sapling":1,"ribbits:giant_lilypad":1,"minecraft:granite":2,"gravestone:gravestone":6,"minecraft:dark_oak_fence":3,"minecraft:grass_block":7,"ribbits:toadstool":1,"travelersbackpack:white_sleeping_bag":2,"minecraft:spruce_leaves":3,"minecraft:tall_seagrass":3,"minecraft:furnace":1,"minecraft:iron_ore":6,"minecraft:barrel":1,"minecraft:deepslate_iron_ore":5,"minecraft:rail":2,"minecraft:bamboo":1,"minecraft:stone":108,"minecraft:deepslate_redstone_ore":8,"quark:oak_chest":2,"minecraft:smoker":3,"ribbits:swamp_daisy":1,"ironfurnaces:iron_furnace":1,"travelersbackpack:standard":1,"minecraft:crafting_table":4,"minecraft:blast_furnace":2,"minecraft:poppy":1,"minecraft:copper_ore":20,"minecraft:tall_grass":18,"minecraft:lapis_ore":2,"minecraft:deepslate_gold_ore":15,"minecraft:oak_planks":53,"minecraft:pink_petals":4,"minecraft:seagrass":4,"minecraft:coarse_dirt":3,"minecraft:sweet_berry_bush":13,"minecraft:spruce_log":28,"minecraft:cherry_door":2,"minecraft:yellow_bed":2,"minecraft:grass":81,"minecraft:oak_log":1,"minecraft:coal_ore":155,"minecraft:sand":49,"minecraft:dirt":8,"minecraft:small_dripleaf":1,"minecraft:oak_leaves":3,"minecraft:deepslate":49,"minecraft:fern":2},"minecraft:picked_up":{"minecraft:wooden_axe":1,"minecraft:crafting_table":3,"minecraft:coarse_dirt":15,"minecraft:chicken":5,"minecraft:diamond_sword":1,"minecraft:wooden_pickaxe":2,"minecraft:potion":1,"minecraft:amethyst_block":1,"minecraft:raw_copper":66,"minecraft:string":1,"minecraft:cooked_salmon":4,"minecraft:pufferfish":2,"minecraft:candle":7,"minecraft:cobbled_deepslate":48,"minecraft:beef":6,"alexsmobs:raccoon_tail":1,"minecraft:light_gray_wool":1,"minecraft:poppy":2,"minecraft:iron_pickaxe":1,"minecraft:egg":3,"minecraft:furnace":2,"ribbits:swamp_daisy":1,"minecraft:stick":56,"ribbits:toadstool":1,"ribbits:giant_lilypad":3,"minecraft:copper_ingot":75,"minecraft:porkchop":6,"minecraft:dried_kelp":16,"minecraft:cherry_log":38,"create:zinc_ingot":65,"minecraft:cooked_cod":3,"minecraft:arrow":3,"minecraft:rotten_flesh":20,"minecraft:tropical_fish":7,"minecraft:glow_berries":5,"minecraft:mutton":32,"minecraft:rail":3,"minecraft:white_wool":17,"minecraft:cobblestone":98,"minecraft:pink_petals":17,"create:iron_sheet":2,"minecraft:cooked_beef":8,"minecraft:feather":3,"minecraft:salmon":1,"minecraft:leather":7,"minecraft:smoker":3,"minecraft:oak_log":1,"minecraft:tuff":6,"create:raw_zinc":70,"minecraft:yellow_bed":2,"minecraft:cherry_door":3,"minecraft:dirt":36,"minecraft:cooked_mutton":1,"minecraft:bone":4,"minecraft:apple":1,"minecraft:kelp":2,"minecraft:bow":2,"minecraft:wheat_seeds":11,"minecraft:raw_gold":4,"minecraft:iron_ingot":11,"minecraft:bamboo":4,"minecraft:oak_planks":145,"ironfurnaces:iron_furnace":2,"minecraft:sweet_berries":30,"minecraft:gravel":5,"spartanshields:wooden_tower_shield":1,"minecraft:sand":49,"minecraft:spruce_sapling":4,"minecraft:ink_sac":6,"minecraft:blast_furnace":2,"minecraft:spruce_log":30,"minecraft:fermented_spider_eye":1,"minecraft:barrel":1,"quark:oak_chest":2,"minecraft:spider_eye":2,"alexsmobs:animal_dictionary":1,"travelersbackpack:white_sleeping_bag":1,"alexsmobs:raw_catfish":12,"travelersbackpack:standard":1,"minecraft:granite":2,"minecraft:crossbow":1,"minecraft:diamond_axe":1,"minecraft:cherry_sapling":28,"minecraft:golden_apple":3,"minecraft:oak_sapling":6,"minecraft:black_wool":1,"minecraft:coal":186,"minecraft:ender_pearl":1},"minecraft:killed":{"alexsmobs:raccoon":2,"minecraft:spider":2,"minecraft:horse":2,"minecraft:skeleton":3,"minecraft:chicken":5,"minecraft:pig":3,"minecraft:salmon":1,"minecraft:squid":3,"minecraft:sheep":20,"alexsmobs:catfish":7,"minecraft:zombie":7,"alexsmobs:terrapin":1,"minecraft:cow":3},"minecraft:custom":{"minecraft:mob_kills":60,"minecraft:interact_with_anvil":1,"minecraft:interact_with_crafting_table":28,"minecraft:open_barrel":40,"minecraft:leave_game":1,"minecraft:time_since_death":21430,"minecraft:climb_one_cm":2903,"minecraft:sprint_one_cm":525806,"minecraft:walk_one_cm":325075,"minecraft:damage_blocked_by_shield":225,"minecraft:drop":35,"minecraft:play_time":249017,"minecraft:deaths":6,"minecraft:sneak_time":2214,"minecraft:walk_under_water_one_cm":26223,"minecraft:boat_one_cm":66409,"minecraft:jump":3389,"minecraft:interact_with_brewingstand":1,"minecraft:interact_with_blast_furnace":1,"minecraft:walk_on_water_one_cm":65842,"minecraft:total_world_time":249017,"minecraft:interact_with_furnace":17,"spartanshields:shield_bash_hits":1,"minecraft:sleep_in_bed":9,"minecraft:time_since_rest":10218,"minecraft:damage_taken":3680,"minecraft:damage_dealt":7125,"minecraft:swim_one_cm":86736,"minecraft:fly_one_cm":626431,"minecraft:open_chest":55,"minecraft:crouch_one_cm":1272,"minecraft:interact_with_smoker":8,"minecraft:fall_one_cm":93616},"minecraft:used":{"minecraft:cherry_sapling":1,"minecraft:cooked_salmon":5,"minecraft:cooked_chicken":1,"minecraft:rotten_flesh":2,"minecraft:dirt":6,"minecraft:mutton":10,"minecraft:tuff":33,"spartanshields:wooden_tower_shield":8,"minecraft:wooden_axe":112,"minecraft:barrel":1,"ironfurnaces:iron_furnace":1,"minecraft:sweet_berries":36,"minecraft:oak_sapling":6,"minecraft:furnace":2,"minecraft:cooked_cod":7,"minecraft:egg":1,"minecraft:cooked_beef":14,"minecraft:water_bucket":2,"minecraft:oak_planks":84,"minecraft:stone_pickaxe":78,"minecraft:wooden_pickaxe":41,"minecraft:diamond_axe":67,"minecraft:salmon":7,"minecraft:rail":1,"minecraft:crafting_table":2,"minecraft:spruce_log":18,"minecraft:diamond_pickaxe":203,"minecraft:black_wool":1,"minecraft:apple":1,"minecraft:cherry_door":3,"minecraft:iron_pickaxe":221,"travelersbackpack:white_sleeping_bag":2,"minecraft:spruce_sapling":4,"minecraft:stone_axe":76,"minecraft:pink_petals":8,"minecraft:diamond_sword":187,"minecraft:cobblestone":11,"travelersbackpack:standard":6,"minecraft:cooked_porkchop":3,"minecraft:bucket":3,"minecraft:yellow_bed":2,"minecraft:coarse_dirt":14}},"DataVersion":3465}