{"stats":{"minecraft:picked_up":{"minecraft:spruce_sapling":2,"minecraft:poppy":1,"minecraft:spruce_log":7,"minecraft:cobblestone":10},"minecraft:used":{"minecraft:wooden_sword":2,"minecraft:wooden_pickaxe":10},"minecraft:dropped":{"alexsmobs:animal_dictionary":1},"minecraft:mined":{"minecraft:tall_seagrass":1,"minecraft:stone":9,"minecraft:spruce_leaves":1,"minecraft:spruce_log":7},"minecraft:crafted":{"minecraft:wooden_sword":1,"minecraft:spruce_planks":28,"minecraft:stick":8,"minecraft:wooden_pickaxe":1,"minecraft:wooden_axe":1},"minecraft:custom":{"minecraft:open_barrel":1,"minecraft:time_since_rest":8248,"minecraft:play_time":8248,"minecraft:sprint_one_cm":14220,"minecraft:damage_taken":219,"minecraft:walk_one_cm":14935,"minecraft:sneak_time":11,"minecraft:walk_under_water_one_cm":3404,"minecraft:boat_one_cm":41536,"minecraft:drop":1,"minecraft:jump":220,"minecraft:damage_dealt":70,"minecraft:walk_on_water_one_cm":4743,"minecraft:time_since_death":8248,"minecraft:total_world_time":8248,"minecraft:swim_one_cm":988,"minecraft:interact_with_crafting_table":1,"minecraft:fall_one_cm":2393,"minecraft:fly_one_cm":71825}},"DataVersion":3465}