{"stats":{"minecraft:killed_by":{"alexsmobs:murmur_head":1,"minecraft:zombie":1},"minecraft:killed":{"minecraft:spider":2,"minecraft:skeleton":2,"minecraft:chicken":2,"minecraft:pig":2,"minecraft:sheep":11,"minecraft:zombie":3},"minecraft:mined":{"minecraft:large_amethyst_bud":1,"minecraft:tuff":104,"minecraft:deepslate_diamond_ore":21,"minecraft:candle":2,"minecraft:cherry_log":38,"ribbits:giant_lilypad":1,"minecraft:dark_oak_fence":3,"gravestone:gravestone":3,"minecraft:grass_block":1,"ribbits:toadstool":1,"travelersbackpack:white_sleeping_bag":1,"minecraft:spruce_leaves":1,"minecraft:furnace":1,"minecraft:iron_ore":2,"minecraft:barrel":1,"minecraft:deepslate_iron_ore":5,"minecraft:rail":2,"minecraft:stone":16,"minecraft:deepslate_redstone_ore":8,"minecraft:smoker":2,"ribbits:swamp_daisy":1,"minecraft:crafting_table":3,"minecraft:blast_furnace":1,"minecraft:poppy":1,"minecraft:tall_grass":5,"minecraft:deepslate_gold_ore":15,"minecraft:oak_planks":13,"minecraft:pink_petals":2,"minecraft:coarse_dirt":2,"minecraft:spruce_log":19,"minecraft:yellow_bed":2,"minecraft:grass":32,"minecraft:coal_ore":76,"minecraft:sand":49,"minecraft:dirt":1,"minecraft:oak_leaves":2,"minecraft:deepslate":49,"minecraft:fern":2},"minecraft:dropped":{"minecraft:diamond_axe":2,"minecraft:feather":1,"minecraft:coal":33,"minecraft:golden_apple":1,"minecraft:red_mushroom":4,"minecraft:cod":5,"ribbits:maraca":1,"gravestone:obituary":3,"minecraft:pink_petals":7,"alexsmobs:animal_dictionary":2,"minecraft:chicken":1,"minecraft:salmon":8,"minecraft:diamond_sword":1,"minecraft:poppy":2,"minecraft:wooden_pickaxe":1},"minecraft:picked_up":{"minecraft:wooden_axe":1,"minecraft:crafting_table":2,"minecraft:coarse_dirt":14,"minecraft:chicken":2,"minecraft:wooden_pickaxe":2,"minecraft:potion":1,"minecraft:amethyst_block":1,"minecraft:string":1,"minecraft:cooked_salmon":4,"minecraft:pufferfish":1,"minecraft:candle":7,"minecraft:cobbled_deepslate":48,"minecraft:poppy":2,"minecraft:iron_pickaxe":1,"minecraft:furnace":2,"ribbits:swamp_daisy":1,"ribbits:giant_lilypad":3,"minecraft:stick":53,"ribbits:toadstool":1,"minecraft:copper_ingot":9,"minecraft:porkchop":3,"minecraft:cherry_log":38,"minecraft:arrow":1,"minecraft:rotten_flesh":7,"minecraft:cooked_cod":3,"minecraft:mutton":18,"minecraft:white_wool":11,"minecraft:rail":2,"minecraft:cobblestone":16,"minecraft:pink_petals":7,"minecraft:feather":1,"minecraft:smoker":2,"minecraft:tuff":6,"minecraft:yellow_bed":2,"minecraft:dirt":24,"minecraft:bone":1,"minecraft:apple":1,"minecraft:kelp":2,"minecraft:bow":1,"minecraft:wheat_seeds":3,"minecraft:raw_gold":4,"minecraft:oak_planks":100,"minecraft:gravel":5,"spartanshields:wooden_tower_shield":1,"minecraft:sand":49,"minecraft:spruce_sapling":4,"minecraft:blast_furnace":1,"minecraft:spruce_log":19,"minecraft:fermented_spider_eye":1,"minecraft:barrel":1,"minecraft:spider_eye":1,"alexsmobs:animal_dictionary":1,"travelersbackpack:white_sleeping_bag":1,"minecraft:diamond_axe":1,"minecraft:cherry_sapling":27,"minecraft:oak_sapling":6,"minecraft:coal":94},"minecraft:crafted":{"minecraft:cooked_chicken":1,"minecraft:furnace":1,"travelersbackpack:white_sleeping_bag":1,"minecraft:stone_pickaxe":1,"minecraft:cooked_cod":4,"minecraft:diamond_sword":2,"minecraft:cooked_porkchop":3,"minecraft:diamond_axe":2,"minecraft:cooked_salmon":1,"minecraft:stone_axe":1,"minecraft:diamond_pickaxe":1,"minecraft:stick":4,"minecraft:wooden_axe":1},"minecraft:broken":{"minecraft:wooden_pickaxe":1,"minecraft:wooden_axe":2},"minecraft:used":{"minecraft:cooked_salmon":5,"minecraft:cooked_chicken":1,"minecraft:rotten_flesh":2,"minecraft:dirt":4,"minecraft:mutton":8,"minecraft:tuff":33,"minecraft:wooden_axe":112,"spartanshields:wooden_tower_shield":8,"minecraft:barrel":1,"minecraft:oak_sapling":6,"minecraft:furnace":2,"minecraft:cooked_cod":7,"minecraft:stone_pickaxe":70,"minecraft:oak_planks":82,"minecraft:wooden_pickaxe":41,"minecraft:salmon":7,"minecraft:rail":1,"minecraft:crafting_table":2,"minecraft:spruce_log":18,"minecraft:apple":1,"minecraft:iron_pickaxe":220,"travelersbackpack:white_sleeping_bag":2,"minecraft:spruce_sapling":4,"minecraft:stone_axe":53,"minecraft:diamond_sword":26,"minecraft:cobblestone":2,"minecraft:cooked_porkchop":3,"minecraft:yellow_bed":2,"minecraft:coarse_dirt":14},"minecraft:custom":{"minecraft:interact_with_anvil":1,"minecraft:mob_kills":23,"minecraft:interact_with_crafting_table":26,"minecraft:open_barrel":40,"minecraft:time_since_death":28899,"minecraft:climb_one_cm":2698,"minecraft:sprint_one_cm":307494,"minecraft:walk_one_cm":213330,"minecraft:damage_blocked_by_shield":225,"minecraft:drop":20,"minecraft:play_time":100489,"minecraft:walk_under_water_one_cm":5946,"minecraft:deaths":3,"minecraft:sneak_time":1322,"minecraft:boat_one_cm":66409,"minecraft:jump":1652,"minecraft:interact_with_brewingstand":1,"minecraft:interact_with_blast_furnace":1,"minecraft:walk_on_water_one_cm":25526,"minecraft:total_world_time":100489,"minecraft:interact_with_furnace":11,"spartanshields:shield_bash_hits":1,"minecraft:sleep_in_bed":4,"minecraft:time_since_rest":16035,"minecraft:damage_taken":1885,"minecraft:damage_dealt":2388,"minecraft:swim_one_cm":20032,"minecraft:fly_one_cm":266402,"minecraft:open_chest":31,"minecraft:crouch_one_cm":1133,"minecraft:interact_with_smoker":8,"minecraft:fall_one_cm":40186}},"DataVersion":3465}