{"stats":{"minecraft:used":{"minecraft:wooden_axe":8,"minecraft:apple":2,"quark:spruce_chest":1,"minecraft:wooden_pickaxe":20,"minecraft:cooked_salmon":1,"minecraft:salmon":3,"minecraft:glow_berries":7,"minecraft:wooden_sword":19,"minecraft:white_carpet":2,"minecraft:crafting_table":1},"minecraft:picked_up":{"minecraft:wooden_axe":1,"minecraft:crafting_table":2,"minecraft:stick":7,"minecraft:wheat":2,"minecraft:salmon":3,"minecraft:big_dripleaf":4,"minecraft:spruce_sapling":2,"minecraft:spruce_log":7,"minecraft:moss_carpet":6,"minecraft:red_bed":1,"minecraft:cooked_salmon":2,"alexsmobs:raw_catfish":1,"minecraft:white_carpet":3,"minecraft:red_carpet":2,"minecraft:tropical_fish":1,"quark:spruce_chest":1,"minecraft:spruce_planks":31,"minecraft:redstone_torch":1,"minecraft:poppy":1,"minecraft:light_gray_carpet":3,"minecraft:glow_berries":4,"minecraft:cobblestone":10,"minecraft:furnace":1},"minecraft:killed":{"alexsmobs:catfish":1,"minecraft:zombie":1,"minecraft:axolotl":1},"minecraft:killed_by":{"minecraft:skeleton":1},"minecraft:dropped":{"alexsmobs:animal_dictionary":1,"minecraft:wooden_axe":1,"minecraft:wheat":4,"gravestone:obituary":2,"alexsmobs:raw_catfish":1,"minecraft:golden_apple":1,"minecraft:red_carpet":2},"minecraft:mined":{"minecraft:red_carpet":2,"minecraft:tall_seagrass":5,"minecraft:light_gray_carpet":2,"minecraft:furnace":1,"minecraft:red_bed":1,"minecraft:white_carpet":3,"minecraft:spruce_log":7,"minecraft:crafting_table":2,"gravestone:gravestone":2,"minecraft:coal_ore":7,"quark:spruce_chest":1,"minecraft:packed_ice":7,"minecraft:spruce_leaves":1,"minecraft:stone":9},"minecraft:crafted":{"minecraft:wooden_sword":1,"minecraft:spruce_planks":28,"minecraft:stick":8,"minecraft:wooden_pickaxe":1,"minecraft:wooden_axe":1,"minecraft:cooked_salmon":2,"quark:spruce_chest":1,"minecraft:bread":1},"minecraft:custom":{"minecraft:time_since_rest":864,"minecraft:interact_with_furnace":2,"minecraft:sprint_one_cm":79085,"minecraft:damage_taken":582,"minecraft:walk_one_cm":62655,"minecraft:mob_kills":3,"minecraft:drop":10,"minecraft:damage_dealt":522,"minecraft:swim_one_cm":10585,"minecraft:interact_with_crafting_table":3,"minecraft:fly_one_cm":239069,"minecraft:open_barrel":3,"minecraft:open_chest":4,"minecraft:crouch_one_cm":502,"minecraft:play_time":32248,"minecraft:deaths":2,"minecraft:sneak_time":598,"minecraft:walk_under_water_one_cm":7983,"minecraft:pot_flower":1,"minecraft:boat_one_cm":41536,"minecraft:jump":919,"minecraft:time_since_death":838,"minecraft:walk_on_water_one_cm":23602,"minecraft:sleep_in_bed":1,"minecraft:climb_one_cm":2091,"minecraft:total_world_time":32248,"minecraft:fall_one_cm":14160}},"DataVersion":3465}