{"stats":{"minecraft:killed_by":{"minecraft:zombie":1},"minecraft:killed":{"minecraft:pig":2,"minecraft:spider":2,"minecraft:skeleton":1,"minecraft:sheep":4,"minecraft:zombie":2,"minecraft:chicken":2},"minecraft:mined":{"minecraft:large_amethyst_bud":1,"minecraft:deepslate_diamond_ore":6,"minecraft:candle":2,"minecraft:smoker":1,"minecraft:cherry_log":38,"ribbits:swamp_daisy":1,"ribbits:giant_lilypad":1,"minecraft:crafting_table":3,"gravestone:gravestone":1,"minecraft:dark_oak_fence":3,"minecraft:grass_block":1,"minecraft:poppy":1,"ribbits:toadstool":1,"minecraft:tall_grass":4,"travelersbackpack:white_sleeping_bag":1,"minecraft:deepslate_gold_ore":9,"minecraft:spruce_leaves":1,"minecraft:pink_petals":2,"minecraft:furnace":1,"minecraft:barrel":1,"minecraft:spruce_log":17,"minecraft:yellow_bed":2,"minecraft:grass":27,"minecraft:coal_ore":65,"minecraft:stone":15,"minecraft:oak_leaves":2,"minecraft:deepslate":1},"minecraft:dropped":{"alexsmobs:animal_dictionary":2,"minecraft:feather":1,"minecraft:chicken":1,"minecraft:salmon":8,"minecraft:coal":33,"minecraft:red_mushroom":4,"minecraft:cod":5,"minecraft:poppy":2,"gravestone:obituary":1,"minecraft:wooden_pickaxe":1,"minecraft:pink_petals":7},"minecraft:picked_up":{"minecraft:wooden_axe":1,"minecraft:pink_petals":7,"minecraft:crafting_table":2,"minecraft:feather":1,"minecraft:chicken":2,"minecraft:wooden_pickaxe":2,"minecraft:smoker":1,"minecraft:potion":1,"minecraft:yellow_bed":2,"minecraft:amethyst_block":1,"minecraft:string":1,"minecraft:dirt":1,"minecraft:pufferfish":1,"minecraft:apple":1,"minecraft:kelp":2,"minecraft:wheat_seeds":3,"minecraft:candle":7,"minecraft:cobbled_deepslate":1,"minecraft:raw_gold":4,"minecraft:iron_pickaxe":1,"minecraft:poppy":2,"minecraft:oak_planks":87,"minecraft:furnace":1,"minecraft:stick":18,"ribbits:toadstool":1,"ribbits:giant_lilypad":3,"ribbits:swamp_daisy":1,"spartanshields:wooden_tower_shield":1,"minecraft:porkchop":3,"minecraft:cherry_log":38,"minecraft:spruce_sapling":4,"minecraft:spruce_log":17,"minecraft:fermented_spider_eye":1,"minecraft:spider_eye":1,"minecraft:barrel":1,"alexsmobs:animal_dictionary":1,"travelersbackpack:white_sleeping_bag":1,"minecraft:rotten_flesh":5,"minecraft:cherry_sapling":27,"minecraft:oak_sapling":6,"minecraft:mutton":7,"minecraft:coal":36,"minecraft:white_wool":4,"minecraft:cobblestone":15},"minecraft:crafted":{"minecraft:cooked_cod":4,"minecraft:cooked_porkchop":3,"minecraft:cooked_chicken":1,"minecraft:furnace":1,"minecraft:cooked_salmon":1,"minecraft:stone_axe":1,"travelersbackpack:white_sleeping_bag":1,"minecraft:stick":4,"minecraft:stone_pickaxe":1,"minecraft:wooden_axe":1},"minecraft:broken":{"minecraft:wooden_axe":2},"minecraft:used":{"minecraft:stone_pickaxe":44,"minecraft:wooden_pickaxe":39,"minecraft:cooked_chicken":1,"minecraft:cooked_salmon":1,"minecraft:salmon":7,"minecraft:dirt":1,"minecraft:mutton":6,"minecraft:crafting_table":2,"spartanshields:wooden_tower_shield":1,"minecraft:wooden_axe":112,"minecraft:apple":1,"minecraft:iron_pickaxe":16,"travelersbackpack:white_sleeping_bag":2,"minecraft:spruce_sapling":4,"minecraft:barrel":1,"minecraft:stone_axe":25,"minecraft:cooked_porkchop":1,"minecraft:furnace":2,"minecraft:oak_sapling":6,"minecraft:cooked_cod":4,"minecraft:yellow_bed":2},"minecraft:custom":{"minecraft:interact_with_furnace":10,"spartanshields:shield_bash_hits":1,"minecraft:mob_kills":14,"minecraft:interact_with_anvil":1,"minecraft:interact_with_crafting_table":14,"minecraft:open_barrel":40,"minecraft:time_since_death":203,"minecraft:sleep_in_bed":3,"minecraft:climb_one_cm":2698,"minecraft:time_since_rest":273,"minecraft:walk_one_cm":106325,"minecraft:sprint_one_cm":190045,"minecraft:damage_taken":885,"minecraft:damage_blocked_by_shield":20,"minecraft:drop":13,"minecraft:damage_dealt":1284,"minecraft:swim_one_cm":16974,"minecraft:fly_one_cm":163293,"minecraft:open_chest":13,"minecraft:crouch_one_cm":189,"minecraft:play_time":52489,"minecraft:deaths":2,"minecraft:sneak_time":139,"minecraft:walk_under_water_one_cm":4679,"minecraft:boat_one_cm":66409,"minecraft:jump":964,"minecraft:interact_with_brewingstand":1,"minecraft:walk_on_water_one_cm":20577,"minecraft:total_world_time":52489,"minecraft:interact_with_smoker":6,"minecraft:fall_one_cm":21146}},"DataVersion":3465}