{"stats":{"minecraft:killed":{"minecraft:pig":1,"minecraft:iron_golem":1,"minecraft:sheep":10,"minecraft:horse":2,"minecraft:skeleton":1,"minecraft:chicken":2,"minecraft:cow":2},"minecraft:custom":{"minecraft:interact_with_smithing_table":1,"minecraft:interact_with_furnace":34,"minecraft:mob_kills":19,"minecraft:interact_with_crafting_table":15,"minecraft:open_barrel":1,"minecraft:interact_with_campfire":24,"minecraft:eat_cake_slice":2,"minecraft:time_since_death":45449,"minecraft:sleep_in_bed":2,"minecraft:climb_one_cm":2531,"minecraft:time_since_rest":1960,"minecraft:waystone_activated":1,"minecraft:sprint_one_cm":184514,"minecraft:damage_taken":438,"minecraft:walk_one_cm":153278,"minecraft:drop":16,"minecraft:damage_dealt":3050,"minecraft:talked_to_villager":4,"minecraft:swim_one_cm":1650,"minecraft:fly_one_cm":136263,"minecraft:open_chest":13,"minecraft:crouch_one_cm":11,"minecraft:play_time":45449,"minecraft:sneak_time":352,"minecraft:walk_under_water_one_cm":3492,"minecraft:jump":720,"minecraft:walk_on_water_one_cm":10333,"minecraft:interact_with_smoker":2,"minecraft:total_world_time":45449,"minecraft:fall_one_cm":16014},"minecraft:dropped":{"minecraft:sweet_berries":2,"minecraft:wheat_seeds":20,"alexsmobs:animal_dictionary":1,"minecraft:wheat":1,"minecraft:shears":1,"minecraft:item_frame":1,"minecraft:hay_block":6,"minecraft:wooden_pickaxe":1},"minecraft:mined":{"minecraft:torch":1,"minecraft:grass_block":2,"minecraft:calcite":2,"minecraft:campfire":2,"minecraft:coal_block":5,"minecraft:tall_grass":12,"minecraft:skeleton_skull":1,"minecraft:hay_block":30,"minecraft:wheat":3,"minecraft:spruce_log":6,"minecraft:yellow_bed":1,"minecraft:grass":18,"minecraft:coal_ore":59,"minecraft:oak_log":6,"minecraft:dirt":1,"minecraft:stone":12,"minecraft:iron_block":2,"minecraft:oak_leaves":1},"minecraft:picked_up":{"minecraft:charcoal":4,"minecraft:wheat":3,"minecraft:feather":3,"minecraft:cooked_beef":4,"minecraft:chicken":4,"minecraft:brown_wool":1,"minecraft:leather":4,"minecraft:wooden_pickaxe":2,"minecraft:potato":5,"minecraft:oak_log":6,"minecraft:yellow_bed":1,"minecraft:dirt":3,"minecraft:lantern":2,"minecraft:bone":2,"minecraft:cooked_mutton":13,"minecraft:item_frame":3,"minecraft:experience_bottle":4,"minecraft:bow":1,"minecraft:wheat_seeds":20,"minecraft:beef":4,"minecraft:iron_ingot":5,"minecraft:cooked_chicken":3,"minecraft:calcite":2,"minecraft:poppy":2,"minecraft:coal_block":5,"minecraft:iron_sword":2,"minecraft:sweet_berries":21,"minecraft:torch":4,"minecraft:porkchop":2,"minecraft:ink_sac":2,"minecraft:spruce_log":6,"minecraft:arrow":1,"minecraft:hay_block":30,"minecraft:iron_block":2,"minecraft:emerald":1,"minecraft:mutton":15,"minecraft:skeleton_skull":1,"minecraft:cobblestone":12,"minecraft:white_wool":9},"minecraft:crafted":{"minecraft:oak_planks":24,"minecraft:cooked_porkchop":2,"minecraft:crafting_table":1,"minecraft:spruce_planks":24,"minecraft:wooden_pickaxe":1,"minecraft:furnace":1,"minecraft:cooked_mutton":2,"minecraft:bread":79,"minecraft:stick":8,"quark:oak_chest":1,"minecraft:iron_ingot":18,"minecraft:stone_pickaxe":1,"minecraft:wooden_axe":1,"minecraft:shears":1,"minecraft:wheat":198},"minecraft:used":{"minecraft:stone_pickaxe":33,"minecraft:oak_planks":4,"minecraft:spruce_planks":4,"minecraft:wooden_pickaxe":53,"minecraft:iron_sword":77,"minecraft:torch":3,"minecraft:crafting_table":1,"minecraft:wooden_axe":47,"minecraft:bread":6,"minecraft:item_frame":2,"minecraft:hay_block":2,"minecraft:sweet_berries":24,"minecraft:furnace":1,"minecraft:cooked_porkchop":2,"quark:oak_chest":1,"alexsmobs:animal_dictionary":1,"minecraft:potato":4},"minecraft:broken":{"minecraft:wooden_axe":1}},"DataVersion":3465}