{"stats":{"minecraft:picked_up":{"minecraft:salmon":3,"minecraft:spruce_sapling":2,"minecraft:spruce_log":7,"minecraft:red_bed":1,"alexsmobs:raw_catfish":1,"minecraft:white_carpet":3,"minecraft:red_carpet":2,"minecraft:redstone_torch":1,"minecraft:poppy":1,"minecraft:light_gray_carpet":3,"minecraft:glow_berries":3,"minecraft:cobblestone":10},"minecraft:used":{"minecraft:apple":2,"minecraft:wooden_pickaxe":10,"minecraft:salmon":3,"minecraft:glow_berries":7,"minecraft:wooden_sword":10,"minecraft:white_carpet":2},"minecraft:killed":{"alexsmobs:catfish":1},"minecraft:killed_by":{"minecraft:skeleton":1},"minecraft:dropped":{"alexsmobs:animal_dictionary":1,"gravestone:obituary":1,"minecraft:red_carpet":2},"minecraft:mined":{"minecraft:red_carpet":2,"minecraft:tall_seagrass":5,"minecraft:light_gray_carpet":2,"minecraft:red_bed":1,"minecraft:white_carpet":3,"minecraft:spruce_log":7,"gravestone:gravestone":1,"minecraft:packed_ice":7,"minecraft:spruce_leaves":1,"minecraft:stone":9},"minecraft:crafted":{"minecraft:wooden_sword":1,"minecraft:spruce_planks":28,"minecraft:stick":8,"minecraft:wooden_pickaxe":1,"minecraft:wooden_axe":1},"minecraft:custom":{"minecraft:time_since_rest":6579,"minecraft:interact_with_furnace":1,"minecraft:sprint_one_cm":49425,"minecraft:damage_taken":354,"minecraft:walk_one_cm":41159,"minecraft:mob_kills":1,"minecraft:drop":4,"minecraft:damage_dealt":170,"minecraft:swim_one_cm":10325,"minecraft:interact_with_crafting_table":1,"minecraft:fly_one_cm":189738,"minecraft:open_barrel":3,"minecraft:open_chest":1,"minecraft:crouch_one_cm":178,"minecraft:play_time":20248,"minecraft:deaths":1,"minecraft:sneak_time":82,"minecraft:walk_under_water_one_cm":4710,"minecraft:pot_flower":1,"minecraft:boat_one_cm":41536,"minecraft:jump":597,"minecraft:time_since_death":8127,"minecraft:walk_on_water_one_cm":13474,"minecraft:sleep_in_bed":1,"minecraft:climb_one_cm":2091,"minecraft:total_world_time":20248,"minecraft:fall_one_cm":7622}},"DataVersion":3465}