{"stats":{"minecraft:killed":{"minecraft:spider":1},"minecraft:mined":{"minecraft:large_fern":1,"minecraft:grass":11,"regions_unexplored:clover":3,"regions_unexplored:blackwood_log":6,"regions_unexplored:blackwood_shrub":1,"minecraft:tall_grass":8,"regions_unexplored:medium_grass":15,"minecraft:dark_oak_log":7,"minecraft:sugar_cane":4,"minecraft:fern":6,"regions_unexplored:pine_log":3},"minecraft:picked_up":{"minecraft:stick":4,"minecraft:wheat_seeds":4,"regions_unexplored:pine_log":3,"regions_unexplored:clover":6,"regions_unexplored:blackwood_shrub":1,"minecraft:sugar_cane":7,"minecraft:spider_eye":1,"minecraft:dark_oak_log":7,"regions_unexplored:blackwood_log":4},"minecraft:crafted":{"regions_unexplored:blackwood_planks":16,"minecraft:dark_oak_planks":12},"minecraft:used":{"minecraft:dark_oak_planks":12,"minecraft:dark_oak_log":4,"regions_unexplored:clover":6,"alexsmobs:animal_dictionary":1,"regions_unexplored:blackwood_planks":6},"minecraft:custom":{"minecraft:time_since_rest":10174,"minecraft:sprint_one_cm":22,"minecraft:play_time":10174,"minecraft:damage_taken":120,"minecraft:walk_one_cm":33010,"minecraft:walk_under_water_one_cm":1123,"minecraft:mob_kills":1,"minecraft:jump":206,"minecraft:damage_dealt":167,"minecraft:time_since_death":10174,"minecraft:walk_on_water_one_cm":2076,"minecraft:total_world_time":10174,"minecraft:fly_one_cm":2888,"minecraft:fall_one_cm":4147}},"DataVersion":3465}