{"stats":{"minecraft:killed":{"minecraft:spider":1},"minecraft:killed_by":{"minecraft:zombie":1},"minecraft:mined":{"minecraft:large_fern":3,"minecraft:dark_oak_log":23,"minecraft:grass":11,"regions_unexplored:peat_grass_block":3,"regions_unexplored:peat_dirt":6,"regions_unexplored:blackwood_shrub":1,"regions_unexplored:blackwood_log":6,"regions_unexplored:clover":3,"minecraft:tall_grass":8,"regions_unexplored:medium_grass":16,"minecraft:sugar_cane":4,"regions_unexplored:peat_podzol":1,"minecraft:fern":6,"regions_unexplored:pine_log":3},"minecraft:picked_up":{"regions_unexplored:peat_dirt":9,"minecraft:stick":4,"minecraft:dark_oak_log":23,"minecraft:spider_eye":1,"minecraft:wheat_seeds":5,"regions_unexplored:pine_log":3,"regions_unexplored:clover":6,"regions_unexplored:peat_podzol":1,"regions_unexplored:blackwood_shrub":1,"minecraft:sugar_cane":7,"regions_unexplored:blackwood_log":4},"minecraft:used":{"minecraft:dark_oak_planks":12,"minecraft:dark_oak_log":4,"regions_unexplored:peat_dirt":1,"regions_unexplored:blackwood_planks":6,"regions_unexplored:blackwood_shrub":1,"regions_unexplored:clover":6,"alexsmobs:animal_dictionary":1},"minecraft:crafted":{"regions_unexplored:blackwood_planks":16,"minecraft:dark_oak_planks":12},"minecraft:custom":{"minecraft:time_since_rest":5234,"minecraft:sprint_one_cm":22,"minecraft:damage_taken":345,"minecraft:walk_one_cm":50394,"minecraft:mob_kills":1,"minecraft:damage_dealt":206,"minecraft:fly_one_cm":4440,"minecraft:play_time":16174,"minecraft:deaths":1,"minecraft:sneak_time":5,"minecraft:walk_under_water_one_cm":1123,"minecraft:jump":327,"minecraft:walk_on_water_one_cm":5226,"minecraft:time_since_death":5195,"minecraft:total_world_time":16174,"minecraft:fall_one_cm":5937}},"DataVersion":3465}