{"stats":{"minecraft:killed":{"minecraft:spider":1},"minecraft:killed_by":{"minecraft:zombie":1},"minecraft:dropped":{"minecraft:dark_oak_door":1,"minecraft:stone_sword":2,"minecraft:dark_oak_planks":1},"minecraft:mined":{"minecraft:large_fern":3,"regions_unexplored:blue_lupine":11,"regions_unexplored:red_lupine":1,"regions_unexplored:pink_lupine":11,"regions_unexplored:purple_lupine":11,"minecraft:dark_oak_log":24,"minecraft:pumpkin":3,"minecraft:grass":16,"minecraft:grass_block":7,"regions_unexplored:peat_grass_block":3,"minecraft:coal_ore":18,"regions_unexplored:peat_dirt":6,"minecraft:copper_ore":4,"regions_unexplored:blackwood_shrub":1,"regions_unexplored:blackwood_log":6,"regions_unexplored:clover":39,"minecraft:tall_grass":8,"regions_unexplored:medium_grass":34,"minecraft:stone":30,"minecraft:sugar_cane":4,"regions_unexplored:peat_podzol":1,"minecraft:fern":6,"regions_unexplored:pine_log":3},"minecraft:picked_up":{"minecraft:dark_oak_door":1,"regions_unexplored:peat_dirt":9,"minecraft:stick":4,"minecraft:pumpkin":2,"regions_unexplored:blue_lupine":2,"minecraft:dark_oak_log":24,"regions_unexplored:pink_lupine":2,"minecraft:spider_eye":1,"minecraft:dirt":5,"minecraft:dark_oak_planks":1,"minecraft:stone_sword":2,"minecraft:wheat_seeds":5,"regions_unexplored:pine_log":3,"regions_unexplored:clover":45,"regions_unexplored:peat_podzol":1,"regions_unexplored:blackwood_shrub":1,"minecraft:sugar_cane":7,"regions_unexplored:blackwood_log":4,"minecraft:cobblestone":26},"minecraft:used":{"minecraft:dark_oak_planks":24,"minecraft:stone_sword":14,"minecraft:dark_oak_log":4,"minecraft:stone_pickaxe":52,"regions_unexplored:peat_dirt":1,"minecraft:wooden_pickaxe":4,"regions_unexplored:blackwood_planks":6,"minecraft:torch":4,"minecraft:crafting_table":2,"regions_unexplored:blackwood_shrub":1,"regions_unexplored:clover":6,"alexsmobs:animal_dictionary":1,"minecraft:dark_oak_door":1},"minecraft:crafted":{"regions_unexplored:blackwood_planks":16,"minecraft:dark_oak_door":3,"minecraft:crafting_table":2,"minecraft:stick":20,"minecraft:stone_pickaxe":1,"minecraft:wooden_pickaxe":1,"minecraft:stone_sword":1,"minecraft:pumpkin_seeds":8,"minecraft:torch":24,"minecraft:dark_oak_planks":80},"minecraft:custom":{"minecraft:time_since_rest":21586,"minecraft:sprint_one_cm":179,"minecraft:damage_taken":405,"minecraft:walk_one_cm":121268,"minecraft:mob_kills":1,"minecraft:drop":4,"minecraft:damage_dealt":431,"minecraft:interact_with_crafting_table":6,"minecraft:fly_one_cm":5121,"minecraft:play_time":32526,"minecraft:deaths":1,"minecraft:sneak_time":5,"minecraft:walk_under_water_one_cm":2015,"minecraft:leave_game":1,"minecraft:jump":587,"minecraft:walk_on_water_one_cm":6374,"minecraft:time_since_death":21547,"minecraft:total_world_time":32526,"minecraft:fall_one_cm":10351}},"DataVersion":3465}