{"stats":{"minecraft:killed":{"alexsmobs:lobster":4,"minecraft:witch":2,"minecraft:spider":2,"minecraft:skeleton":8,"minecraft:chicken":1,"alexsmobs:straddler":1,"minecraft:piglin":4,"minecraft:pig":9,"minecraft:iron_golem":2,"minecraft:creeper":5,"minecraft:sheep":5,"minecraft:trader_llama":2,"minecraft:pillager":6,"minecraft:zombie":27,"alexsmobs:terrapin":2,"alexsmobs:fly":1,"minecraft:cow":10,"alexsmobs:raccoon":1,"minecraft:horse":10,"alexsmobs:bison":1,"minecraft:drowned":2,"quark:foxhound":1,"minecraft:wandering_trader":1,"alexsmobs:catfish":1,"minecraft:enderman":1},"minecraft:custom":{"minecraft:animals_bred":8,"minecraft:interact_with_crafting_table":67,"minecraft:open_barrel":1,"minecraft:leave_game":2,"minecraft:time_since_death":2292,"minecraft:sprint_one_cm":1753043,"minecraft:drop":285,"minecraft:talked_to_villager":77,"minecraft:play_time":602335,"minecraft:deaths":12,"minecraft:jump":6701,"minecraft:walk_on_water_one_cm":66733,"minecraft:interact_with_furnace":32,"minecraft:traded_with_villager":1,"minecraft:sleep_in_bed":40,"minecraft:damage_dealt":20715,"minecraft:crouch_one_cm":69001,"minecraft:interact_with_smithing_table":5,"minecraft:mob_kills":112,"minecraft:inspect_hopper":1,"minecraft:climb_one_cm":9049,"minecraft:walk_one_cm":2383033,"minecraft:sneak_time":16123,"minecraft:walk_under_water_one_cm":37219,"minecraft:total_world_time":602335,"minecraft:time_since_rest":2336,"minecraft:damage_taken":8801,"minecraft:swim_one_cm":130909,"minecraft:fly_one_cm":1363775,"minecraft:open_chest":223,"minecraft:fall_one_cm":165425},"minecraft:mined":{"create:deepslate_zinc_ore":22,"minecraft:stone_pressure_plate":2,"minecraft:white_bed":2,"minecraft:oak_sapling":35,"minecraft:farmland":19,"quark:cherry_chest":2,"minecraft:brewing_stand":1,"minecraft:obsidian":9,"minecraft:spruce_trapdoor":8,"minecraft:granite":15,"minecraft:stone_brick_wall":3,"minecraft:grass_block":1510,"minecraft:oak_pressure_plate":3,"minecraft:coal_block":1,"minecraft:oak_wall_sign":1,"create:rotation_speed_controller":1,"minecraft:oxeye_daisy":3,"minecraft:tall_seagrass":1,"minecraft:iron_ore":44,"minecraft:cobbled_deepslate":3,"minecraft:fire":27,"minecraft:fletching_table":1,"minecraft:deepslate_lapis_ore":3,"minecraft:azure_bluet":3,"quark:black_corundum_cluster":5,"minecraft:pointed_dripstone":1,"minecraft:dirt_path":63,"minecraft:oak_stairs":50,"minecraft:iron_bars":14,"minecraft:potted_cornflower":2,"minecraft:white_banner":1,"minecraft:jungle_trapdoor":11,"minecraft:deepslate_redstone_ore":20,"minecraft:torch":6,"minecraft:jungle_stairs":2,"minecraft:poppy":2,"minecraft:nether_quartz_ore":29,"minecraft:cobblestone":4,"minecraft:sugar_cane":7,"minecraft:oak_planks":230,"minecraft:wall_torch":12,"minecraft:deepslate_copper_ore":22,"minecraft:birch_sapling":18,"minecraft:skeleton_skull":1,"minecraft:pink_petals":1,"minecraft:seagrass":2,"minecraft:warped_nylium":1,"minecraft:birch_log":113,"minecraft:wheat":223,"minecraft:stone_brick_stairs":13,"minecraft:grass":1120,"minecraft:oak_log":1523,"minecraft:oak_fence_gate":5,"minecraft:sand":99,"minecraft:dirt":448,"minecraft:netherrack":6,"minecraft:oak_leaves":1283,"minecraft:deepslate":161,"create:zinc_ore":12,"minecraft:nether_gold_ore":3,"minecraft:tuff":116,"minecraft:oak_door":3,"minecraft:deepslate_diamond_ore":3,"gravestone:gravestone":11,"minecraft:ladder":10,"minecraft:redstone_wire":8,"minecraft:rooted_dirt":5,"minecraft:large_fern":2,"minecraft:hay_block":75,"minecraft:oak_trapdoor":5,"minecraft:furnace":4,"minecraft:andesite":15,"minecraft:peony":4,"minecraft:bookshelf":30,"minecraft:deepslate_iron_ore":17,"minecraft:vine":1,"minecraft:lantern":5,"minecraft:bamboo":1,"minecraft:stone":415,"minecraft:oak_slab":72,"minecraft:scaffolding":8,"minecraft:flowering_azalea":1,"minecraft:cherry_planks":8,"quark:oak_chest":1,"minecraft:brown_carpet":1,"minecraft:dandelion":18,"travelersbackpack:standard":1,"minecraft:oak_fence":62,"minecraft:crafting_table":8,"minecraft:cornflower":3,"minecraft:warped_roots":1,"minecraft:rose_bush":1,"minecraft:campfire":1,"minecraft:lectern":37,"minecraft:tall_grass":212,"minecraft:copper_ore":129,"minecraft:deepslate_gold_ore":21,"minecraft:lapis_ore":4,"minecraft:diorite":587,"minecraft:coarse_dirt":92,"minecraft:black_stained_glass":3,"minecraft:yellow_bed":6,"minecraft:potted_azure_bluet":2,"minecraft:coal_ore":58,"minecraft:flower_pot":1,"minecraft:cherry_leaves":13,"minecraft:gravel":18,"minecraft:dripstone_block":1,"minecraft:cobweb":2,"minecraft:stone_bricks":24,"minecraft:jungle_wall_sign":1,"minecraft:fern":11},"minecraft:picked_up":{"minecraft:wheat":396,"minecraft:lead":2,"minecraft:flower_pot":5,"minecraft:smithing_table":3,"createaddition:electrum_nugget":45,"minecraft:oak_stairs":46,"minecraft:stone_brick_stairs":11,"minecraft:brewing_stand":4,"minecraft:golden_sword":1,"minecraft:string":10,"minecraft:raw_copper":504,"minecraft:armor_stand":9,"minecraft:zombie_head":1,"minecraft:oak_sign":4,"minecraft:gold_nugget":43,"minecraft:cobbled_deepslate":205,"minecraft:rose_bush":6,"quark:black_shard":10,"minecraft:iron_pickaxe":1,"minecraft:coal_block":31,"minecraft:furnace":4,"minecraft:golden_helmet":4,"minecraft:stick":338,"minecraft:oak_fence":60,"minecraft:torch":25,"quark:cherry_chest":3,"minecraft:porkchop":44,"minecraft:dried_kelp":93,"minecraft:pointed_dripstone":19,"minecraft:diorite":590,"travelersbackpack:crafting_upgrade":2,"minecraft:brown_carpet":6,"minecraft:rotten_flesh":34,"create:mechanical_arm":1,"minecraft:obsidian":24,"minecraft:iron_bars":14,"alexsmobs:lobster_tail":2,"minecraft:cobblestone":1239,"minecraft:birch_log":113,"minecraft:pink_petals":8,"minecraft:leather_chestplate":2,"minecraft:feather":1,"minecraft:cooked_beef":38,"minecraft:cherry_planks":8,"minecraft:cherry_leaves":8,"minecraft:andesite":91,"minecraft:golden_leggings":5,"minecraft:potato":20,"quark:black_corundum_cluster":5,"alexsmobs:bison_fur":1,"minecraft:flint":96,"minecraft:tuff":465,"create:raw_zinc":15,"minecraft:lantern":8,"minecraft:map":9,"minecraft:dirt":4990,"minecraft:leather_boots":3,"minecraft:glass":44,"minecraft:bone":17,"minecraft:bow":2,"minecraft:wheat_seeds":1670,"create:mechanical_drill":1,"minecraft:raw_gold":1,"create:shaft":1,"minecraft:bamboo":1,"minecraft:fletching_table":1,"minecraft:glowstone_dust":2,"minecraft:oak_planks":500,"create:cogwheel":5,"minecraft:oak_pressure_plate":4,"minecraft:sand":101,"minecraft:ink_sac":8,"alexsmobs:animal_dictionary":2,"minecraft:iron_hoe":1,"minecraft:sugar":1,"minecraft:diamond":5,"minecraft:crossbow":3,"minecraft:granite":27,"minecraft:bone_meal":2,"minecraft:grass":13,"minecraft:emerald":12,"minecraft:bread":1,"minecraft:rooted_dirt":5,"minecraft:oak_sapling":636,"minecraft:netherrack":3,"minecraft:oak_leaves":1077,"minecraft:coarse_dirt":140,"minecraft:charcoal":2,"minecraft:crafting_table":10,"minecraft:azure_bluet":9,"minecraft:chicken":1,"minecraft:ladder":10,"minecraft:leather_leggings":1,"create:rotation_speed_controller":1,"minecraft:stone_brick_wall":3,"gravestone:obituary":17,"minecraft:jungle_trapdoor":10,"minecraft:cornflower":7,"minecraft:oak_trapdoor":5,"minecraft:wooden_sword":1,"minecraft:moss_carpet":12,"minecraft:iron_axe":2,"minecraft:flint_and_steel":1,"minecraft:item_frame":2,"minecraft:iron_shovel":2,"minecraft:blackstone":2,"minecraft:beef":25,"minecraft:iron_nugget":46,"minecraft:poppy":16,"minecraft:lectern":37,"minecraft:sugar_cane":36,"minecraft:birch_sapling":41,"minecraft:spruce_trapdoor":8,"minecraft:cherry_trapdoor":1,"minecraft:egg":1,"minecraft:raw_iron":22,"minecraft:oak_door":3,"minecraft:copper_ingot":273,"quark:deepslate_furnace":2,"minecraft:redstone":112,"minecraft:iron_horse_armor":1,"create:zinc_ingot":4,"minecraft:stone_pressure_plate":2,"minecraft:jungle_sign":3,"minecraft:arrow":18,"minecraft:jungle_stairs":2,"minecraft:peony":3,"minecraft:shears":4,"minecraft:hay_block":73,"minecraft:saddle":2,"minecraft:gold_ingot":4,"minecraft:mutton":7,"minecraft:white_wool":20,"minecraft:skeleton_skull":2,"minecraft:bone_block":13,"minecraft:oxeye_daisy":6,"minecraft:basalt":1,"minecraft:leather":55,"alexsmobs:acacia_blossom":2,"minecraft:oak_log":1558,"minecraft:yellow_bed":8,"minecraft:gunpowder":9,"minecraft:cobblestone_stairs":3,"create:copper_nugget":41,"minecraft:paper":48,"minecraft:white_banner":2,"minecraft:apple":77,"minecraft:stone_bricks":19,"minecraft:oak_fence_gate":5,"minecraft:rabbit_hide":5,"minecraft:iron_ingot":150,"minecraft:cobweb":32,"minecraft:acacia_sapling":8,"minecraft:flowering_azalea":1,"quark:black_corundum":3,"minecraft:book":201,"minecraft:scaffolding":8,"minecraft:oak_slab":66,"minecraft:bamboo_fence":2,"minecraft:smooth_basalt":2,"minecraft:dandelion":63,"minecraft:dripstone_block":10,"minecraft:gravel":52,"minecraft:white_bed":4,"quark:oak_chest":1,"minecraft:spider_eye":5,"minecraft:leather_helmet":2,"travelersbackpack:standard":2,"create:zinc_nugget":34,"minecraft:iron_helmet":1,"minecraft:cherry_sapling":44,"minecraft:warped_roots":1,"minecraft:coal":314,"minecraft:ender_pearl":1},"minecraft:broken":{"minecraft:iron_shovel":5,"minecraft:shears":4,"minecraft:wooden_sword":1,"minecraft:stone_axe":1,"minecraft:iron_sword":1,"minecraft:wooden_axe":1,"minecraft:iron_axe":8,"minecraft:iron_pickaxe":2,"minecraft:wooden_hoe":2},"minecraft:used":{"minecraft:iron_shovel":1283,"alexsmobs:small_catfish_bucket":1,"minecraft:ladder":22,"minecraft:iron_sword":226,"quark:cherry_chest":2,"minecraft:tuff":1,"minecraft:glass":28,"minecraft:lava_bucket":1,"quark:deepslate_furnace":2,"minecraft:lantern":5,"minecraft:birch_sapling":10,"minecraft:bow":1,"create:shaft":1,"minecraft:furnace":4,"minecraft:oak_sapling":354,"minecraft:egg":1,"minecraft:oak_planks":1241,"minecraft:sugar_cane":12,"minecraft:sand":4,"minecraft:shears":1136,"minecraft:bread":139,"minecraft:lectern":54,"minecraft:iron_door":1,"minecraft:gravel":7,"quark:black_corundum_cluster":5,"minecraft:coal_block":1,"minecraft:diamond_sword":322,"minecraft:wooden_sword":165,"minecraft:smithing_table":1,"minecraft:coarse_dirt":44,"minecraft:bone_meal":32,"minecraft:oak_fence":146,"minecraft:oak_trapdoor":9,"minecraft:flint_and_steel":2,"minecraft:armor_stand":1,"minecraft:netherrack":2,"minecraft:oak_door":4,"minecraft:torch":78,"minecraft:dirt":1109,"minecraft:granite":7,"minecraft:oak_fence_gate":9,"minecraft:iron_hoe":238,"minecraft:wooden_axe":98,"minecraft:rooted_dirt":5,"minecraft:iron_axe":2265,"minecraft:oak_stairs":28,"minecraft:bamboo":1,"minecraft:cooked_beef":8,"minecraft:cobbled_deepslate":34,"minecraft:wheat_seeds":315,"minecraft:water_bucket":94,"minecraft:fletching_table":1,"minecraft:oak_slab":28,"minecraft:crafting_table":12,"minecraft:white_bed":4,"minecraft:oak_log":539,"minecraft:wooden_hoe":178,"minecraft:diamond_pickaxe":1252,"minecraft:apple":4,"minecraft:diamond_shovel":1387,"minecraft:oak_button":2,"minecraft:iron_pickaxe":560,"minecraft:stone_axe":146,"minecraft:cobblestone":43,"travelersbackpack:standard":25,"minecraft:white_banner":2,"minecraft:cooked_porkchop":4,"minecraft:bucket":97,"minecraft:yellow_bed":8,"quark:oak_chest":13},"minecraft:killed_by":{"minecraft:creeper":2,"minecraft:pillager":2,"alexsmobs:bison":1,"minecraft:skeleton":4},"minecraft:dropped":{"minecraft:porkchop":12,"minecraft:oak_pressure_plate":4,"minecraft:cooked_beef":10,"minecraft:oak_log":9,"minecraft:crossbow":2,"minecraft:warped_roots":1,"minecraft:lantern":2,"create:cogwheel":5,"minecraft:leather":1,"travelersbackpack:iron_tier_upgrade":1,"minecraft:iron_horse_armor":1,"minecraft:leather_helmet":2,"minecraft:item_frame":1,"minecraft:emerald":1,"minecraft:dirt":624,"minecraft:grass":4,"create:mechanical_arm":1,"minecraft:cornflower":6,"minecraft:mutton":2,"minecraft:jungle_sign":3,"gravestone:obituary":21,"minecraft:gold_nugget":13,"minecraft:wooden_sword":1,"minecraft:sand":12,"minecraft:iron_pickaxe":1,"minecraft:sugar":1,"minecraft:white_wool":7,"minecraft:bone":9,"minecraft:armor_stand":8,"minecraft:oak_door":3,"minecraft:gravel":5,"minecraft:iron_nugget":3,"minecraft:cobbled_deepslate":76,"minecraft:birch_sapling":1,"minecraft:wheat":17,"minecraft:obsidian":1,"minecraft:pointed_dripstone":13,"minecraft:cherry_sapling":22,"minecraft:rotten_flesh":14,"minecraft:oak_planks":327,"minecraft:jungle_trapdoor":10,"minecraft:azure_bluet":5,"minecraft:poppy":10,"minecraft:leather_chestplate":2,"minecraft:gunpowder":1,"minecraft:charcoal":2,"minecraft:jungle_stairs":2,"minecraft:stone_brick_wall":3,"minecraft:leather_boots":3,"minecraft:acacia_sapling":8,"minecraft:ladder":10,"minecraft:leather_leggings":1,"minecraft:basalt":1,"minecraft:iron_bars":12,"minecraft:arrow":2,"minecraft:beef":14,"minecraft:glass":46,"minecraft:scaffolding":8,"minecraft:stone_brick_stairs":11,"minecraft:quartz":1,"minecraft:netherrack":1,"minecraft:lectern":1,"minecraft:bread":40,"minecraft:oak_slab":39,"minecraft:wheat_seeds":658,"minecraft:smithing_table":1,"minecraft:dripstone_block":9,"minecraft:lead":2,"minecraft:oak_fence":32,"minecraft:iron_helmet":2,"minecraft:cobblestone":357,"create:precision_mechanism":1,"minecraft:apple":10,"minecraft:granite":7,"minecraft:coal":138,"minecraft:stick":7,"minecraft:oxeye_daisy":1,"minecraft:cobweb":8,"minecraft:brewing_stand":1,"minecraft:wooden_axe":1,"minecraft:rose_bush":3,"minecraft:dried_kelp":93,"minecraft:iron_leggings":1,"minecraft:oak_stairs":25,"minecraft:flowering_azalea":1,"minecraft:iron_axe":2,"minecraft:cactus":1,"minecraft:iron_shovel":1,"minecraft:paper":3,"minecraft:string":6,"minecraft:pink_petals":4,"minecraft:bucket":1,"minecraft:dandelion":13,"minecraft:redstone":59,"minecraft:moss_carpet":9,"minecraft:oak_trapdoor":2,"alexsmobs:acacia_blossom":2,"minecraft:coarse_dirt":96,"minecraft:raw_copper":252,"minecraft:tuff":369,"minecraft:iron_boots":1,"minecraft:iron_hoe":1,"create:rotation_speed_controller":1,"minecraft:oak_sign":4,"minecraft:shears":2,"minecraft:bamboo_fence":2,"minecraft:potato":10,"minecraft:flower_pot":5,"alexsmobs:lobster_tail":2,"minecraft:oak_button":1,"minecraft:spruce_trapdoor":8,"minecraft:iron_chestplate":1,"travelersbackpack:crafting_upgrade":1,"minecraft:oak_sapling":90,"minecraft:stone_pressure_plate":2,"minecraft:stone_bricks":16,"minecraft:brown_carpet":6,"minecraft:bow":2},"minecraft:crafted":{"minecraft:oak_planks":2400,"minecraft:diamond_shovel":1,"minecraft:bookshelf":18,"minecraft:glass":30,"minecraft:iron_boots":2,"minecraft:oak_button":3,"minecraft:iron_door":3,"minecraft:oak_fence":126,"minecraft:oak_slab":84,"travelersbackpack:iron_tier_upgrade":2,"minecraft:emerald":1,"minecraft:cooked_porkchop":4,"minecraft:crafting_table":3,"travelersbackpack:standard":3,"minecraft:iron_helmet":2,"minecraft:lectern":18,"minecraft:wooden_hoe":3,"minecraft:iron_chestplate":2,"minecraft:diamond_pickaxe":1,"minecraft:stick":108,"quark:oak_chest":12,"minecraft:iron_ingot":19,"minecraft:iron_pickaxe":2,"minecraft:shears":6,"minecraft:wooden_sword":1,"minecraft:oak_door":6,"minecraft:coal":18,"minecraft:furnace":1,"minecraft:bone_meal":117,"travelersbackpack:gold_tier_upgrade":1,"travelersbackpack:blank_upgrade":4,"minecraft:oak_trapdoor":10,"minecraft:leather":1,"minecraft:iron_axe":9,"minecraft:ladder":40,"minecraft:wheat":657,"minecraft:diamond_sword":1,"travelersbackpack:backpack_tank":2,"minecraft:iron_sword":1,"minecraft:bucket":1,"minecraft:bread":346,"minecraft:air":0,"minecraft:oak_fence_gate":4,"minecraft:wooden_axe":2,"minecraft:oak_stairs":48,"minecraft:iron_shovel":5,"minecraft:iron_leggings":2,"minecraft:white_bed":1,"minecraft:torch":88}},"DataVersion":3465}