{"stats":{"minecraft:crafted":{"minecraft:wooden_sword":1,"minecraft:furnace":1,"minecraft:iron_boots":1,"minecraft:iron_axe":1,"minecraft:stone_pickaxe":1,"quark:spruce_chest":1,"minecraft:wooden_shovel":1,"minecraft:cooked_porkchop":12,"minecraft:crafting_table":1,"minecraft:spruce_planks":96,"minecraft:wooden_pickaxe":1,"minecraft:iron_helmet":1,"minecraft:iron_sword":2,"minecraft:air":0,"minecraft:iron_chestplate":2,"minecraft:shield":2,"minecraft:stick":36,"minecraft:iron_pickaxe":2,"minecraft:iron_ingot":27,"minecraft:wooden_axe":1,"minecraft:iron_shovel":1,"minecraft:iron_leggings":1,"minecraft:redstone_torch":1,"minecraft:torch":48,"minecraft:shears":1},"minecraft:killed":{"minecraft:spider":3,"minecraft:horse":3,"minecraft:skeleton":3,"alexsmobs:banana_slug":1,"minecraft:chicken":8,"minecraft:silverfish":2,"enemyexpansion:vampflyer":2,"minecraft:pig":25,"alexsmobs:seal":2,"minecraft:iron_golem":1,"minecraft:creeper":1,"minecraft:sheep":8,"minecraft:zombie":1,"enemyexpansion:botfly":2,"minecraft:cow":2},"minecraft:used":{"minecraft:iron_shovel":13,"minecraft:tropical_fish":9,"minecraft:spruce_planks":24,"minecraft:shield":13,"minecraft:iron_sword":166,"minecraft:wooden_shovel":4,"minecraft:torch":35,"minecraft:wooden_axe":27,"quark:spruce_chest":1,"minecraft:iron_axe":25,"minecraft:furnace":2,"regions_unexplored:blackwood_log":1,"minecraft:cooked_mutton":3,"minecraft:stone_pickaxe":33,"minecraft:wooden_pickaxe":3,"minecraft:tnt":25,"minecraft:crafting_table":6,"minecraft:cod":2,"minecraft:redstone_torch":1,"minecraft:melon_slice":18,"minecraft:iron_pickaxe":171,"travelersbackpack:white_sleeping_bag":5,"minecraft:wooden_sword":14,"minecraft:cooked_porkchop":15},"minecraft:killed_by":{"minecraft:spider":1,"mythicmounts:dragon":1,"enemyexpansion:invisicreeper":1},"minecraft:dropped":{"minecraft:enchanted_book":1,"regions_unexplored:blackwood_log":1,"minecraft:iron_sword":5,"minecraft:piston":1,"minecraft:birch_planks":6,"minecraft:wheat_seeds":6,"minecraft:dark_oak_sapling":1,"minecraft:cooked_porkchop":3,"regions_unexplored:pine_shrub":1,"minecraft:feather":14,"minecraft:cobblestone":6,"minecraft:observer":1,"minecraft:spruce_stairs":2,"minecraft:birch_slab":3,"minecraft:stick":6,"minecraft:packed_mud":2,"minecraft:dirt":5,"minecraft:wooden_axe":1,"minecraft:melon_slice":1,"minecraft:iron_leggings":1,"gravestone:obituary":6,"minecraft:wooden_sword":1,"minecraft:flowering_azalea":3,"minecraft:iron_pickaxe":1,"minecraft:dark_oak_planks":35,"minecraft:string":5,"minecraft:white_wool":5,"minecraft:spruce_sapling":9,"minecraft:bone":2,"minecraft:moss_carpet":11,"minecraft:sugar_cane":3,"alexsmobs:animal_dictionary":1,"minecraft:cobbled_deepslate":7,"quark:music_disc_drips":1,"minecraft:black_terracotta":1,"wardrobe:silk":2,"minecraft:rotten_flesh":2,"regions_unexplored:clover":11,"regions_unexplored:tall_pink_bioshroom":1,"minecraft:comparator":1,"minecraft:nether_brick_fence":1,"minecraft:cyan_wool":6,"minecraft:shroomlight":1,"minecraft:shield":1,"minecraft:charcoal":3,"minecraft:jungle_stairs":8,"minecraft:iron_chestplate":1,"minecraft:azalea":2,"minecraft:wooden_shovel":1,"minecraft:spider_eye":1,"minecraft:spruce_slab":1,"minecraft:arrow":2,"minecraft:wooden_pickaxe":1,"minecraft:stone_pickaxe":2},"minecraft:mined":{"minecraft:dark_oak_planks":7,"create:zinc_ore":44,"regions_unexplored:tall_pink_bioshroom":1,"create:deepslate_zinc_ore":2,"minecraft:spruce_planks":14,"regions_unexplored:blue_lupine":1,"minecraft:mossy_cobblestone":1,"gravestone:gravestone":4,"minecraft:grass_block":3,"regions_unexplored:pine_shrub":1,"minecraft:redstone_wire":1,"minecraft:coal_block":10,"travelersbackpack:white_sleeping_bag":5,"minecraft:birch_slab":3,"minecraft:spruce_leaves":1,"minecraft:oxeye_daisy":1,"minecraft:spawner":1,"minecraft:hay_block":9,"minecraft:furnace":2,"minecraft:iron_ore":38,"regions_unexplored:mossy_stone":1,"regions_unexplored:pine_leaves":1,"minecraft:nether_brick_fence":1,"minecraft:shroomlight":1,"minecraft:deepslate_iron_ore":1,"regions_unexplored:medium_grass":4,"minecraft:stone":17,"minecraft:spruce_slab":1,"minecraft:deepslate_redstone_ore":2,"minecraft:comparator":1,"minecraft:observer":1,"minecraft:crafting_table":4,"minecraft:rose_bush":1,"minecraft:copper_ore":28,"minecraft:tall_grass":3,"minecraft:sugar_cane":7,"minecraft:wall_torch":1,"minecraft:deepslate_copper_ore":1,"minecraft:spruce_stairs":1,"minecraft:cyan_wool":4,"minecraft:birch_planks":2,"minecraft:spruce_log":25,"regions_unexplored:sandy_grass":1,"minecraft:grass":4,"minecraft:coal_ore":40,"minecraft:dirt":10,"regions_unexplored:clover":11,"regions_unexplored:blackwood_leaves":4,"create:crimsite":2,"minecraft:deepslate":7},"minecraft:custom":{"minecraft:mob_kills":67,"minecraft:interact_with_crafting_table":16,"minecraft:open_barrel":7,"minecraft:time_since_death":51867,"minecraft:climb_one_cm":1903,"minecraft:sprint_one_cm":363463,"minecraft:walk_one_cm":223389,"minecraft:damage_blocked_by_shield":245,"minecraft:drop":77,"minecraft:talked_to_villager":3,"minecraft:play_time":100207,"minecraft:deaths":4,"minecraft:sneak_time":3716,"minecraft:walk_under_water_one_cm":42624,"minecraft:jump":1847,"minecraft:walk_on_water_one_cm":33164,"minecraft:total_world_time":100207,"minecraft:interact_with_furnace":21,"spartanshields:shield_bash_hits":1,"minecraft:sleep_in_bed":9,"minecraft:time_since_rest":2796,"minecraft:waystone_activated":2,"minecraft:damage_taken":2746,"minecraft:damage_dealt":8215,"minecraft:swim_one_cm":79904,"minecraft:fly_one_cm":360615,"minecraft:open_chest":19,"minecraft:crouch_one_cm":11897,"minecraft:fall_one_cm":68906,"minecraft:inspect_dispenser":1},"minecraft:picked_up":{"minecraft:crafting_table":5,"minecraft:nether_brick_fence":1,"quark:music_disc_drips":1,"minecraft:enchanted_book":1,"gravestone:obituary":2,"minecraft:string":5,"minecraft:moss_carpet":11,"minecraft:raw_copper":5,"minecraft:shroomlight":1,"minecraft:cobbled_deepslate":7,"minecraft:comparator":1,"minecraft:spruce_planks":11,"minecraft:azalea":2,"minecraft:cyan_wool":6,"minecraft:observer":1,"minecraft:spruce_slab":1,"minecraft:sugar_cane":22,"minecraft:melon_slice":52,"minecraft:coal_block":10,"regions_unexplored:pine_shrub":1,"regions_unexplored:blackwood_log":3,"minecraft:piston":1,"minecraft:furnace":2,"minecraft:raw_iron":8,"minecraft:dark_oak_sapling":1,"minecraft:stick":2,"minecraft:torch":1,"minecraft:spruce_stairs":2,"minecraft:porkchop":10,"minecraft:redstone":14,"minecraft:dark_oak_planks":35,"minecraft:tnt":12,"minecraft:arrow":2,"minecraft:rotten_flesh":2,"minecraft:tropical_fish":3,"minecraft:jungle_stairs":8,"minecraft:hay_block":9,"minecraft:mutton":2,"minecraft:cod":2,"minecraft:white_wool":9,"minecraft:cobblestone":18,"minecraft:cooked_beef":5,"minecraft:feather":14,"minecraft:birch_slab":3,"minecraft:leather":6,"minecraft:packed_mud":2,"minecraft:birch_planks":6,"minecraft:gunpowder":7,"minecraft:dirt":13,"minecraft:cooked_mutton":12,"minecraft:bone":2,"minecraft:wheat_seeds":6,"minecraft:iron_ingot":27,"minecraft:stone_pickaxe":2,"minecraft:cooked_chicken":7,"minecraft:iron_sword":2,"minecraft:flowering_azalea":3,"minecraft:book":1,"minecraft:black_terracotta":1,"minecraft:cooked_porkchop":34,"minecraft:spruce_sapling":9,"minecraft:spruce_log":24,"minecraft:spider_eye":1,"travelersbackpack:white_sleeping_bag":6,"regions_unexplored:tall_pink_bioshroom":1,"waystones:waystone":1,"regions_unexplored:clover":26,"wardrobe:silk":2,"minecraft:coal":50}},"DataVersion":3465}