{"stats":{"minecraft:crafted":{"minecraft:wooden_sword":1,"minecraft:wooden_shovel":1,"minecraft:cooked_porkchop":12,"minecraft:crafting_table":1,"minecraft:spruce_planks":96,"minecraft:wooden_pickaxe":1,"minecraft:iron_sword":2,"minecraft:air":0,"minecraft:iron_chestplate":2,"minecraft:shield":2,"minecraft:stick":16,"minecraft:iron_ingot":8,"minecraft:iron_pickaxe":2,"minecraft:stone_pickaxe":1,"minecraft:wooden_axe":1,"quark:spruce_chest":1,"minecraft:shears":1},"minecraft:killed":{"minecraft:pig":6,"minecraft:spider":1,"minecraft:sheep":2,"minecraft:horse":3,"alexsmobs:banana_slug":1,"enemyexpansion:botfly":2,"minecraft:silverfish":1},"minecraft:used":{"minecraft:tropical_fish":2,"minecraft:stone_pickaxe":33,"minecraft:spruce_planks":3,"minecraft:wooden_pickaxe":3,"minecraft:iron_sword":33,"minecraft:crafting_table":4,"minecraft:wooden_axe":25,"quark:spruce_chest":1,"minecraft:iron_pickaxe":10,"minecraft:wooden_sword":14,"minecraft:cooked_porkchop":2,"minecraft:furnace":1,"regions_unexplored:blackwood_log":1},"minecraft:killed_by":{"minecraft:spider":1,"mythicmounts:dragon":1},"minecraft:dropped":{"minecraft:iron_sword":1,"minecraft:moss_carpet":11,"minecraft:wheat_seeds":5,"alexsmobs:animal_dictionary":1,"minecraft:cooked_porkchop":3,"minecraft:dark_oak_sapling":1,"minecraft:rotten_flesh":1,"minecraft:cobblestone":2,"wardrobe:silk":2,"minecraft:stick":3,"minecraft:shroomlight":1,"minecraft:shield":1,"minecraft:iron_chestplate":1,"minecraft:azalea":2,"gravestone:obituary":3,"minecraft:wooden_sword":1,"minecraft:flowering_azalea":3,"minecraft:stone_pickaxe":2,"minecraft:wooden_pickaxe":1,"minecraft:iron_pickaxe":1,"minecraft:spruce_sapling":9},"minecraft:mined":{"create:zinc_ore":8,"minecraft:spruce_planks":3,"minecraft:crafting_table":4,"gravestone:gravestone":2,"minecraft:tall_grass":1,"minecraft:copper_ore":9,"minecraft:spruce_leaves":1,"minecraft:furnace":1,"minecraft:iron_ore":1,"minecraft:spruce_log":25,"minecraft:coal_ore":19,"minecraft:shroomlight":1,"regions_unexplored:clover":7,"regions_unexplored:medium_grass":1,"minecraft:stone":3,"create:crimsite":2},"minecraft:custom":{"minecraft:interact_with_furnace":13,"minecraft:mob_kills":17,"minecraft:interact_with_crafting_table":10,"minecraft:time_since_death":16172,"minecraft:climb_one_cm":1292,"minecraft:time_since_rest":16233,"minecraft:sprint_one_cm":99636,"minecraft:damage_taken":578,"minecraft:walk_one_cm":53119,"minecraft:drop":25,"minecraft:damage_dealt":2127,"minecraft:swim_one_cm":34891,"minecraft:fly_one_cm":119021,"minecraft:open_chest":4,"minecraft:crouch_one_cm":3196,"minecraft:play_time":34207,"minecraft:deaths":2,"minecraft:sneak_time":1244,"minecraft:walk_under_water_one_cm":17849,"minecraft:jump":590,"minecraft:walk_on_water_one_cm":16054,"minecraft:total_world_time":34207,"minecraft:fall_one_cm":19940},"minecraft:picked_up":{"minecraft:crafting_table":4,"minecraft:leather":6,"gravestone:obituary":1,"minecraft:gunpowder":3,"minecraft:moss_carpet":11,"minecraft:shroomlight":1,"minecraft:wheat_seeds":5,"minecraft:spruce_planks":1,"minecraft:iron_ingot":27,"minecraft:stone_pickaxe":2,"minecraft:azalea":2,"regions_unexplored:blackwood_log":2,"minecraft:flowering_azalea":3,"minecraft:furnace":1,"minecraft:dark_oak_sapling":1,"minecraft:stick":2,"minecraft:raw_iron":8,"minecraft:porkchop":10,"minecraft:spruce_sapling":9,"minecraft:spruce_log":24,"minecraft:rotten_flesh":1,"minecraft:tropical_fish":3,"regions_unexplored:clover":15,"wardrobe:silk":2,"minecraft:mutton":1,"minecraft:coal":18,"minecraft:white_wool":5,"minecraft:cobblestone":5}},"DataVersion":3465}