{"stats":{"minecraft:crafted":{"minecraft:wooden_sword":1,"minecraft:wooden_shovel":1,"minecraft:crafting_table":1,"minecraft:spruce_planks":28,"minecraft:stick":12,"minecraft:iron_pickaxe":2,"minecraft:wooden_pickaxe":1,"minecraft:stone_pickaxe":1,"minecraft:wooden_axe":1},"minecraft:killed":{"enemyexpansion:botfly":2,"minecraft:silverfish":1,"minecraft:spider":1},"minecraft:used":{"minecraft:wooden_axe":22,"minecraft:stone_pickaxe":33,"minecraft:wooden_pickaxe":3,"minecraft:wooden_sword":14,"minecraft:crafting_table":4,"regions_unexplored:blackwood_log":1},"minecraft:killed_by":{"mythicmounts:dragon":1,"minecraft:spider":1},"minecraft:dropped":{"minecraft:moss_carpet":11,"minecraft:wheat_seeds":5,"alexsmobs:animal_dictionary":1,"minecraft:dark_oak_sapling":1,"minecraft:azalea":2,"gravestone:obituary":3,"minecraft:flowering_azalea":3,"minecraft:wooden_pickaxe":1,"minecraft:spruce_sapling":9},"minecraft:mined":{"minecraft:furnace":1,"minecraft:iron_ore":1,"minecraft:spruce_log":25,"minecraft:crafting_table":4,"gravestone:gravestone":2,"minecraft:coal_ore":19,"minecraft:shroomlight":1,"minecraft:copper_ore":9,"minecraft:tall_grass":1,"minecraft:spruce_leaves":1,"minecraft:stone":3},"minecraft:custom":{"minecraft:time_since_rest":4233,"minecraft:interact_with_furnace":2,"minecraft:sprint_one_cm":66431,"minecraft:damage_taken":510,"minecraft:walk_one_cm":37836,"minecraft:mob_kills":5,"minecraft:drop":11,"minecraft:damage_dealt":627,"minecraft:swim_one_cm":18892,"minecraft:interact_with_crafting_table":3,"minecraft:fly_one_cm":79343,"minecraft:crouch_one_cm":1469,"minecraft:play_time":22207,"minecraft:deaths":2,"minecraft:sneak_time":380,"minecraft:walk_under_water_one_cm":10880,"minecraft:jump":389,"minecraft:walk_on_water_one_cm":13379,"minecraft:time_since_death":4172,"minecraft:climb_one_cm":1107,"minecraft:total_world_time":22207,"minecraft:fall_one_cm":14750},"minecraft:picked_up":{"minecraft:raw_iron":1,"minecraft:dark_oak_sapling":1,"minecraft:stick":2,"minecraft:crafting_table":4,"gravestone:obituary":1,"minecraft:spruce_sapling":9,"minecraft:gunpowder":3,"minecraft:spruce_log":24,"minecraft:moss_carpet":11,"minecraft:rotten_flesh":1,"minecraft:shroomlight":1,"minecraft:tropical_fish":2,"minecraft:wheat_seeds":5,"minecraft:iron_ingot":27,"minecraft:stone_pickaxe":1,"wardrobe:silk":1,"minecraft:azalea":2,"minecraft:coal":18,"minecraft:flowering_azalea":3,"regions_unexplored:blackwood_log":2,"minecraft:furnace":1,"minecraft:cobblestone":5}},"DataVersion":3465}