{"stats":{"minecraft:crafted":{"minecraft:wooden_sword":1,"minecraft:spruce_button":2,"minecraft:furnace":1,"minecraft:iron_boots":1,"minecraft:iron_axe":1,"minecraft:stone_pickaxe":1,"quark:spruce_chest":1,"minecraft:wooden_shovel":1,"minecraft:cooked_porkchop":12,"minecraft:crafting_table":1,"minecraft:spruce_planks":96,"minecraft:wooden_pickaxe":1,"minecraft:iron_helmet":1,"minecraft:iron_sword":2,"minecraft:air":0,"minecraft:iron_chestplate":2,"minecraft:diamond_pickaxe":1,"minecraft:shield":2,"minecraft:stick":44,"minecraft:iron_ingot":33,"minecraft:iron_pickaxe":2,"minecraft:wooden_axe":1,"minecraft:iron_shovel":1,"minecraft:iron_leggings":1,"minecraft:redstone_torch":1,"minecraft:torch":48,"minecraft:shears":1},"minecraft:killed":{"minecraft:spider":3,"minecraft:horse":3,"minecraft:skeleton":3,"alexsmobs:banana_slug":1,"minecraft:chicken":8,"minecraft:silverfish":2,"enemyexpansion:vampflyer":2,"minecraft:pig":25,"enemyexpansion:ladybug":1,"alexsmobs:seal":2,"minecraft:iron_golem":1,"minecraft:creeper":1,"minecraft:sheep":8,"minecraft:zombie":1,"enemyexpansion:botfly":2,"alexsmobs:fly":1,"minecraft:cow":2},"minecraft:broken":{"minecraft:iron_pickaxe":1},"minecraft:used":{"minecraft:iron_shovel":24,"minecraft:tropical_fish":9,"minecraft:oak_sign":2,"minecraft:spruce_planks":28,"minecraft:shield":16,"minecraft:iron_sword":180,"minecraft:wooden_shovel":4,"minecraft:oak_door":1,"minecraft:torch":43,"minecraft:tuff":2,"minecraft:wooden_axe":27,"quark:spruce_chest":1,"minecraft:lantern":1,"minecraft:iron_axe":37,"minecraft:spruce_button":3,"minecraft:stone_bricks":1,"minecraft:furnace":3,"regions_unexplored:blackwood_log":1,"minecraft:cooked_mutton":3,"minecraft:stone_pickaxe":33,"minecraft:wooden_pickaxe":7,"minecraft:tnt":25,"minecraft:crafting_table":6,"minecraft:cod":2,"minecraft:smoker":1,"minecraft:redstone_torch":1,"minecraft:diamond_pickaxe":851,"minecraft:melon_slice":18,"minecraft:iron_pickaxe":254,"travelersbackpack:white_sleeping_bag":6,"minecraft:iron_door":1,"minecraft:wooden_sword":14,"minecraft:cooked_porkchop":18},"minecraft:killed_by":{"minecraft:spider":1,"mythicmounts:dragon":1,"enemyexpansion:invisicreeper":1},"minecraft:dropped":{"minecraft:enchanted_book":2,"regions_unexplored:blackwood_log":1,"minecraft:bread":7,"minecraft:iron_sword":6,"minecraft:piston":1,"minecraft:birch_planks":6,"minecraft:wheat_seeds":6,"minecraft:cooked_beef":5,"minecraft:dark_oak_sapling":1,"minecraft:cooked_porkchop":3,"regions_unexplored:pine_shrub":1,"minecraft:feather":14,"minecraft:cobblestone":6,"minecraft:observer":1,"minecraft:spruce_stairs":2,"minecraft:birch_slab":3,"minecraft:stick":6,"minecraft:packed_mud":2,"minecraft:dirt":13,"minecraft:wooden_axe":1,"minecraft:melon_slice":1,"minecraft:rose_bush":1,"minecraft:wooden_sword":1,"minecraft:iron_leggings":1,"gravestone:obituary":6,"minecraft:oak_stairs":1,"minecraft:gold_nugget":22,"minecraft:flowering_azalea":3,"minecraft:iron_pickaxe":1,"minecraft:dark_oak_planks":35,"minecraft:string":5,"minecraft:white_wool":5,"minecraft:spruce_sapling":9,"minecraft:bone":2,"minecraft:redstone":5,"minecraft:moss_carpet":11,"minecraft:sugar_cane":3,"minecraft:cooked_chicken":7,"alexsmobs:animal_dictionary":1,"minecraft:cobbled_deepslate":7,"minecraft:tuff":1,"quark:music_disc_drips":1,"wardrobe:silk":2,"minecraft:black_terracotta":1,"minecraft:white_carpet":2,"minecraft:rotten_flesh":2,"regions_unexplored:tall_pink_bioshroom":1,"regions_unexplored:clover":11,"minecraft:comparator":1,"minecraft:cooked_mutton":18,"minecraft:nether_brick_fence":1,"minecraft:azure_bluet":1,"minecraft:oak_sign":2,"minecraft:cyan_wool":6,"minecraft:shroomlight":1,"minecraft:shield":1,"minecraft:flower_pot":2,"minecraft:charcoal":3,"minecraft:iron_chestplate":1,"minecraft:jungle_stairs":8,"minecraft:azalea":2,"minecraft:oak_sapling":1,"minecraft:wooden_shovel":1,"minecraft:spider_eye":1,"minecraft:spruce_slab":1,"minecraft:blue_orchid":2,"minecraft:arrow":2,"minecraft:stone_pickaxe":2,"minecraft:wooden_pickaxe":1},"minecraft:mined":{"create:zinc_ore":48,"regions_unexplored:tall_pink_bioshroom":1,"minecraft:tuff":7,"minecraft:spruce_planks":14,"regions_unexplored:blue_lupine":1,"minecraft:mossy_cobblestone":1,"minecraft:deepslate_diamond_ore":7,"minecraft:oak_door":1,"minecraft:potted_blue_orchid":1,"gravestone:gravestone":4,"minecraft:stone_brick_wall":1,"minecraft:grass_block":6,"regions_unexplored:pine_shrub":1,"minecraft:redstone_wire":1,"minecraft:coal_block":10,"travelersbackpack:white_sleeping_bag":5,"minecraft:birch_slab":3,"minecraft:spruce_leaves":1,"minecraft:oxeye_daisy":1,"minecraft:moss_block":1,"minecraft:oak_wall_sign":2,"regions_unexplored:raw_redstone_block":542,"minecraft:spawner":1,"minecraft:hay_block":9,"minecraft:redstone_ore":87,"minecraft:furnace":2,"minecraft:iron_ore":48,"regions_unexplored:mossy_stone":1,"regions_unexplored:pine_leaves":1,"minecraft:nether_brick_fence":1,"minecraft:oak_sign":2,"minecraft:cave_vines":1,"minecraft:shroomlight":1,"minecraft:deepslate_iron_ore":46,"minecraft:oak_stairs":1,"minecraft:lantern":1,"regions_unexplored:medium_grass":4,"minecraft:stone":93,"minecraft:spruce_slab":1,"regions_unexplored:redstone_bulb":1,"minecraft:deepslate_redstone_ore":32,"minecraft:scaffolding":1,"minecraft:comparator":1,"minecraft:infested_stone_bricks":1,"minecraft:smoker":1,"minecraft:observer":1,"minecraft:clay":3,"minecraft:crafting_table":4,"minecraft:spruce_button":1,"minecraft:rose_bush":1,"minecraft:campfire":1,"minecraft:copper_ore":44,"minecraft:tall_grass":3,"minecraft:deepslate_gold_ore":9,"minecraft:sugar_cane":7,"minecraft:iron_door":1,"minecraft:wall_torch":2,"minecraft:deepslate_copper_ore":1,"minecraft:spruce_stairs":1,"minecraft:cyan_wool":4,"minecraft:birch_planks":3,"regions_unexplored:redstone_bud":8,"minecraft:spruce_log":25,"regions_unexplored:sandy_grass":1,"minecraft:stone_brick_stairs":2,"minecraft:grass":4,"minecraft:coal_ore":61,"minecraft:dirt":15,"regions_unexplored:clover":11,"regions_unexplored:blackwood_leaves":4,"minecraft:stone_bricks":2,"create:crimsite":2,"minecraft:deepslate":23,"minecraft:dark_oak_planks":7,"create:deepslate_zinc_ore":55},"minecraft:custom":{"minecraft:mob_kills":71,"minecraft:interact_with_crafting_table":17,"minecraft:open_barrel":7,"minecraft:leave_game":1,"minecraft:time_since_death":79928,"minecraft:climb_one_cm":1911,"minecraft:sprint_one_cm":403261,"minecraft:walk_one_cm":372818,"minecraft:damage_blocked_by_shield":455,"minecraft:drop":99,"minecraft:talked_to_villager":6,"minecraft:play_time":128268,"minecraft:sneak_time":4194,"minecraft:deaths":4,"minecraft:walk_under_water_one_cm":43059,"minecraft:jump":2165,"minecraft:walk_on_water_one_cm":38644,"minecraft:total_world_time":128268,"minecraft:interact_with_furnace":29,"spartanshields:shield_bash_hits":2,"minecraft:sleep_in_bed":10,"minecraft:waystone_activated":2,"minecraft:time_since_rest":11423,"minecraft:damage_taken":2878,"minecraft:damage_dealt":8892,"minecraft:swim_one_cm":79904,"minecraft:fly_one_cm":387257,"minecraft:open_chest":39,"minecraft:crouch_one_cm":12500,"minecraft:interact_with_smoker":1,"minecraft:fall_one_cm":74551,"minecraft:inspect_dispenser":1},"minecraft:picked_up":{"regions_unexplored:pointed_redstone":45,"minecraft:charcoal":2,"minecraft:crafting_table":6,"minecraft:wheat":5,"minecraft:azure_bluet":1,"minecraft:flower_pot":2,"minecraft:nether_brick_fence":1,"minecraft:clay_ball":12,"quark:music_disc_drips":1,"minecraft:oak_stairs":2,"minecraft:enchanted_book":1,"minecraft:stone_brick_stairs":2,"gravestone:obituary":2,"minecraft:string":5,"minecraft:moss_carpet":11,"minecraft:raw_copper":5,"minecraft:white_carpet":2,"minecraft:shroomlight":1,"minecraft:blue_orchid":2,"minecraft:oak_sign":4,"minecraft:cobbled_deepslate":29,"minecraft:comparator":1,"minecraft:spruce_planks":11,"minecraft:rose_bush":1,"minecraft:cyan_wool":6,"minecraft:azalea":2,"minecraft:observer":1,"minecraft:spruce_slab":1,"minecraft:coal_block":10,"minecraft:melon_slice":52,"minecraft:sugar_cane":22,"minecraft:piston":1,"regions_unexplored:blackwood_log":3,"regions_unexplored:pine_shrub":1,"minecraft:furnace":2,"minecraft:raw_iron":27,"minecraft:dark_oak_sapling":1,"minecraft:stick":2,"minecraft:oak_door":1,"minecraft:torch":2,"minecraft:spruce_stairs":2,"minecraft:porkchop":10,"regions_unexplored:raw_redstone_block":1,"minecraft:redstone":41,"minecraft:dark_oak_planks":35,"minecraft:tnt":12,"minecraft:arrow":2,"minecraft:rotten_flesh":2,"regions_unexplored:redstone_bulb":1,"minecraft:tropical_fish":3,"minecraft:jungle_stairs":8,"minecraft:hay_block":9,"minecraft:glow_berries":1,"minecraft:mutton":4,"minecraft:white_wool":9,"minecraft:cod":2,"minecraft:cobblestone":97,"minecraft:feather":14,"minecraft:cooked_beef":5,"minecraft:iron_door":1,"minecraft:birch_slab":3,"minecraft:leather":6,"minecraft:smoker":1,"minecraft:birch_planks":8,"minecraft:packed_mud":2,"minecraft:tuff":3,"create:raw_zinc":5,"minecraft:gunpowder":7,"minecraft:dirt":19,"minecraft:lantern":1,"minecraft:cooked_mutton":21,"minecraft:bone":2,"minecraft:stone_bricks":4,"minecraft:wheat_seeds":6,"minecraft:iron_ingot":27,"minecraft:stone_pickaxe":2,"minecraft:cooked_chicken":7,"minecraft:iron_sword":2,"minecraft:flowering_azalea":3,"minecraft:book":1,"minecraft:scaffolding":1,"minecraft:black_terracotta":1,"minecraft:cooked_porkchop":34,"minecraft:spruce_sapling":9,"minecraft:spruce_log":24,"minecraft:spider_eye":1,"travelersbackpack:white_sleeping_bag":6,"minecraft:diamond":2,"regions_unexplored:tall_pink_bioshroom":1,"waystones:waystone":1,"regions_unexplored:clover":26,"wardrobe:silk":2,"minecraft:spruce_button":1,"minecraft:oak_sapling":1,"minecraft:coal":55}},"DataVersion":3465}