{"stats":{"minecraft:crafted":{"minecraft:wooden_sword":1,"minecraft:wooden_shovel":1,"minecraft:cooked_porkchop":12,"minecraft:crafting_table":1,"minecraft:spruce_planks":96,"minecraft:wooden_pickaxe":1,"minecraft:iron_sword":2,"minecraft:air":0,"minecraft:iron_chestplate":2,"minecraft:shield":2,"minecraft:stick":28,"minecraft:iron_ingot":8,"minecraft:iron_pickaxe":2,"minecraft:stone_pickaxe":1,"minecraft:wooden_axe":1,"quark:spruce_chest":1,"minecraft:torch":48,"minecraft:shears":1},"minecraft:killed":{"minecraft:pig":6,"minecraft:spider":3,"minecraft:skeleton":2,"minecraft:sheep":2,"minecraft:horse":3,"minecraft:zombie":1,"alexsmobs:banana_slug":1,"enemyexpansion:botfly":2,"minecraft:silverfish":1,"enemyexpansion:vampflyer":1},"minecraft:used":{"minecraft:tropical_fish":2,"minecraft:stone_pickaxe":33,"minecraft:shield":12,"minecraft:spruce_planks":3,"minecraft:wooden_pickaxe":3,"minecraft:iron_sword":52,"minecraft:torch":28,"minecraft:crafting_table":4,"minecraft:wooden_axe":25,"quark:spruce_chest":1,"minecraft:iron_pickaxe":83,"minecraft:wooden_sword":14,"minecraft:cooked_porkchop":7,"minecraft:furnace":2,"regions_unexplored:blackwood_log":1},"minecraft:killed_by":{"minecraft:spider":1,"mythicmounts:dragon":1},"minecraft:dropped":{"minecraft:iron_sword":1,"minecraft:moss_carpet":11,"minecraft:wheat_seeds":5,"minecraft:cobbled_deepslate":5,"alexsmobs:animal_dictionary":1,"minecraft:cooked_porkchop":3,"minecraft:dark_oak_sapling":1,"minecraft:rotten_flesh":2,"minecraft:cobblestone":2,"wardrobe:silk":2,"minecraft:stick":3,"minecraft:shroomlight":1,"minecraft:shield":1,"minecraft:iron_chestplate":1,"minecraft:azalea":2,"gravestone:obituary":3,"minecraft:wooden_sword":1,"minecraft:flowering_azalea":3,"minecraft:stone_pickaxe":2,"minecraft:wooden_pickaxe":1,"minecraft:iron_pickaxe":1,"minecraft:string":5,"minecraft:white_wool":5,"minecraft:spruce_sapling":9},"minecraft:mined":{"create:zinc_ore":21,"minecraft:deepslate_redstone_ore":2,"create:deepslate_zinc_ore":2,"minecraft:spruce_planks":3,"minecraft:crafting_table":4,"gravestone:gravestone":2,"travelersbackpack:white_sleeping_bag":1,"minecraft:tall_grass":2,"minecraft:copper_ore":28,"minecraft:spruce_leaves":1,"minecraft:deepslate_copper_ore":1,"minecraft:furnace":2,"minecraft:iron_ore":27,"minecraft:spruce_log":25,"minecraft:coal_ore":22,"minecraft:shroomlight":1,"regions_unexplored:clover":7,"regions_unexplored:medium_grass":1,"minecraft:stone":3,"create:crimsite":2,"minecraft:deepslate":5},"minecraft:custom":{"minecraft:interact_with_furnace":16,"spartanshields:shield_bash_hits":1,"minecraft:mob_kills":23,"minecraft:interact_with_crafting_table":11,"minecraft:time_since_death":28172,"minecraft:sleep_in_bed":1,"minecraft:climb_one_cm":1292,"minecraft:time_since_rest":10277,"minecraft:sprint_one_cm":133706,"minecraft:damage_taken":944,"minecraft:walk_one_cm":85980,"minecraft:damage_blocked_by_shield":235,"minecraft:drop":30,"minecraft:damage_dealt":3231,"minecraft:swim_one_cm":39545,"minecraft:fly_one_cm":165497,"minecraft:open_chest":8,"minecraft:crouch_one_cm":5426,"minecraft:play_time":46207,"minecraft:deaths":2,"minecraft:sneak_time":1947,"minecraft:walk_under_water_one_cm":22197,"minecraft:jump":813,"minecraft:walk_on_water_one_cm":22223,"minecraft:total_world_time":46207,"minecraft:fall_one_cm":25479},"minecraft:picked_up":{"minecraft:crafting_table":4,"minecraft:leather":6,"quark:music_disc_drips":1,"gravestone:obituary":1,"minecraft:gunpowder":5,"minecraft:string":5,"minecraft:raw_copper":5,"minecraft:moss_carpet":11,"minecraft:cooked_mutton":2,"minecraft:bone":2,"minecraft:shroomlight":1,"minecraft:wheat_seeds":5,"minecraft:cobbled_deepslate":5,"minecraft:spruce_planks":1,"minecraft:iron_ingot":27,"minecraft:stone_pickaxe":2,"minecraft:azalea":2,"regions_unexplored:blackwood_log":2,"minecraft:flowering_azalea":3,"minecraft:furnace":2,"minecraft:dark_oak_sapling":1,"minecraft:stick":2,"minecraft:raw_iron":8,"minecraft:porkchop":10,"minecraft:spruce_sapling":9,"minecraft:spruce_log":24,"minecraft:redstone":9,"minecraft:spider_eye":1,"travelersbackpack:white_sleeping_bag":1,"minecraft:arrow":2,"minecraft:rotten_flesh":2,"minecraft:tropical_fish":3,"regions_unexplored:clover":15,"wardrobe:silk":2,"minecraft:mutton":2,"minecraft:coal":50,"minecraft:white_wool":5,"minecraft:cobblestone":5}},"DataVersion":3465}