{"stats":{"minecraft:crafted":{"minecraft:wooden_sword":1,"minecraft:wooden_shovel":1,"minecraft:crafting_table":1,"minecraft:spruce_planks":28,"minecraft:stick":8,"minecraft:wooden_pickaxe":1,"minecraft:wooden_axe":1},"minecraft:killed":{"minecraft:silverfish":1},"minecraft:used":{"minecraft:wooden_axe":1,"minecraft:crafting_table":1,"regions_unexplored:blackwood_log":1},"minecraft:dropped":{"alexsmobs:animal_dictionary":1,"minecraft:dark_oak_sapling":1},"minecraft:mined":{"minecraft:shroomlight":1,"minecraft:spruce_leaves":1,"minecraft:spruce_log":7,"minecraft:crafting_table":2},"minecraft:custom":{"minecraft:time_since_rest":10207,"minecraft:crouch_one_cm":715,"minecraft:play_time":10207,"minecraft:sprint_one_cm":12334,"minecraft:damage_taken":215,"minecraft:walk_one_cm":6975,"minecraft:sneak_time":138,"minecraft:walk_under_water_one_cm":6612,"minecraft:mob_kills":1,"minecraft:drop":2,"minecraft:jump":97,"minecraft:damage_dealt":59,"minecraft:time_since_death":10207,"minecraft:walk_on_water_one_cm":4848,"minecraft:total_world_time":10207,"minecraft:climb_one_cm":1107,"minecraft:interact_with_crafting_table":1,"minecraft:fall_one_cm":3681,"minecraft:swim_one_cm":9601,"minecraft:fly_one_cm":21083},"minecraft:picked_up":{"minecraft:dark_oak_sapling":1,"minecraft:crafting_table":2,"minecraft:shroomlight":1,"wardrobe:silk":1,"minecraft:spruce_sapling":2,"minecraft:spruce_log":7,"regions_unexplored:blackwood_log":2}},"DataVersion":3465}