{"stats":{"minecraft:crafted":{"minecraft:wooden_sword":1,"minecraft:iron_boots":1,"minecraft:iron_axe":1,"minecraft:stone_pickaxe":1,"quark:spruce_chest":1,"minecraft:wooden_shovel":1,"minecraft:cooked_porkchop":12,"minecraft:crafting_table":1,"minecraft:spruce_planks":96,"minecraft:wooden_pickaxe":1,"minecraft:iron_helmet":1,"minecraft:iron_sword":2,"minecraft:air":0,"minecraft:iron_chestplate":2,"minecraft:shield":2,"minecraft:stick":36,"minecraft:iron_pickaxe":2,"minecraft:iron_ingot":27,"minecraft:wooden_axe":1,"minecraft:iron_shovel":1,"minecraft:iron_leggings":1,"minecraft:redstone_torch":1,"minecraft:torch":48,"minecraft:shears":1},"minecraft:killed":{"minecraft:spider":3,"minecraft:horse":3,"minecraft:skeleton":3,"alexsmobs:banana_slug":1,"minecraft:silverfish":2,"enemyexpansion:vampflyer":2,"minecraft:pig":6,"minecraft:creeper":1,"minecraft:sheep":2,"minecraft:zombie":1,"enemyexpansion:botfly":2},"minecraft:used":{"minecraft:iron_shovel":4,"minecraft:tropical_fish":9,"minecraft:spruce_planks":9,"minecraft:shield":13,"minecraft:iron_sword":73,"minecraft:wooden_shovel":4,"minecraft:torch":31,"minecraft:wooden_axe":27,"quark:spruce_chest":1,"minecraft:iron_axe":24,"minecraft:furnace":2,"regions_unexplored:blackwood_log":1,"minecraft:cooked_mutton":2,"minecraft:stone_pickaxe":33,"minecraft:wooden_pickaxe":3,"minecraft:tnt":25,"minecraft:crafting_table":4,"minecraft:redstone_torch":1,"minecraft:melon_slice":5,"minecraft:iron_pickaxe":123,"travelersbackpack:white_sleeping_bag":3,"minecraft:wooden_sword":14,"minecraft:cooked_porkchop":9},"minecraft:killed_by":{"minecraft:spider":1,"mythicmounts:dragon":1,"enemyexpansion:invisicreeper":1},"minecraft:dropped":{"minecraft:iron_sword":2,"minecraft:birch_planks":2,"minecraft:wheat_seeds":5,"minecraft:dark_oak_sapling":1,"minecraft:cooked_porkchop":3,"minecraft:cobblestone":6,"minecraft:observer":1,"minecraft:spruce_stairs":2,"minecraft:birch_slab":3,"minecraft:stick":3,"minecraft:dirt":5,"minecraft:wooden_axe":1,"minecraft:iron_leggings":1,"gravestone:obituary":6,"minecraft:wooden_sword":1,"minecraft:flowering_azalea":3,"minecraft:iron_pickaxe":1,"minecraft:string":5,"minecraft:white_wool":5,"minecraft:spruce_sapling":9,"minecraft:bone":2,"minecraft:moss_carpet":11,"alexsmobs:animal_dictionary":1,"minecraft:cobbled_deepslate":7,"wardrobe:silk":2,"minecraft:rotten_flesh":2,"minecraft:nether_brick_fence":1,"minecraft:cyan_wool":6,"minecraft:shroomlight":1,"minecraft:shield":1,"minecraft:iron_chestplate":1,"minecraft:azalea":2,"minecraft:wooden_shovel":1,"minecraft:spider_eye":1,"minecraft:spruce_slab":1,"minecraft:arrow":2,"minecraft:wooden_pickaxe":1,"minecraft:stone_pickaxe":2},"minecraft:mined":{"minecraft:dark_oak_planks":7,"create:zinc_ore":26,"create:deepslate_zinc_ore":2,"minecraft:spruce_planks":14,"gravestone:gravestone":4,"minecraft:redstone_wire":1,"minecraft:coal_block":10,"travelersbackpack:white_sleeping_bag":3,"minecraft:birch_slab":3,"minecraft:spruce_leaves":1,"minecraft:spawner":1,"minecraft:furnace":2,"minecraft:iron_ore":27,"minecraft:nether_brick_fence":1,"minecraft:shroomlight":1,"minecraft:deepslate_iron_ore":1,"regions_unexplored:medium_grass":1,"minecraft:stone":7,"minecraft:spruce_slab":1,"minecraft:deepslate_redstone_ore":2,"minecraft:observer":1,"minecraft:crafting_table":4,"minecraft:copper_ore":28,"minecraft:tall_grass":2,"minecraft:wall_torch":1,"minecraft:deepslate_copper_ore":1,"minecraft:cyan_wool":4,"minecraft:birch_planks":2,"minecraft:spruce_log":25,"minecraft:coal_ore":35,"minecraft:dirt":5,"regions_unexplored:clover":7,"regions_unexplored:blackwood_leaves":4,"create:crimsite":2,"minecraft:deepslate":7},"minecraft:custom":{"minecraft:mob_kills":28,"minecraft:interact_with_crafting_table":14,"minecraft:open_barrel":5,"minecraft:time_since_death":21867,"minecraft:climb_one_cm":1903,"minecraft:sprint_one_cm":192370,"minecraft:walk_one_cm":133648,"minecraft:damage_blocked_by_shield":245,"minecraft:drop":51,"minecraft:play_time":70207,"minecraft:deaths":4,"minecraft:sneak_time":2849,"minecraft:walk_under_water_one_cm":41871,"minecraft:jump":1054,"minecraft:walk_on_water_one_cm":31001,"minecraft:total_world_time":70207,"minecraft:interact_with_furnace":21,"spartanshields:shield_bash_hits":1,"minecraft:sleep_in_bed":6,"minecraft:time_since_rest":1503,"minecraft:damage_taken":2329,"minecraft:damage_dealt":4039,"minecraft:swim_one_cm":69118,"minecraft:fly_one_cm":220081,"minecraft:open_chest":15,"minecraft:crouch_one_cm":8685,"minecraft:fall_one_cm":44636,"minecraft:inspect_dispenser":1},"minecraft:picked_up":{"minecraft:crafting_table":5,"minecraft:nether_brick_fence":1,"quark:music_disc_drips":1,"gravestone:obituary":2,"minecraft:string":5,"minecraft:moss_carpet":11,"minecraft:raw_copper":5,"minecraft:shroomlight":1,"minecraft:cobbled_deepslate":7,"minecraft:spruce_planks":11,"minecraft:azalea":2,"minecraft:cyan_wool":6,"minecraft:observer":1,"minecraft:spruce_slab":1,"minecraft:melon_slice":51,"minecraft:coal_block":10,"regions_unexplored:blackwood_log":2,"minecraft:piston":1,"minecraft:furnace":2,"minecraft:raw_iron":8,"minecraft:dark_oak_sapling":1,"minecraft:stick":2,"minecraft:torch":1,"minecraft:spruce_stairs":2,"minecraft:porkchop":10,"minecraft:redstone":14,"minecraft:dark_oak_planks":21,"minecraft:tnt":12,"minecraft:arrow":2,"minecraft:rotten_flesh":2,"minecraft:tropical_fish":3,"minecraft:mutton":2,"minecraft:white_wool":5,"minecraft:cobblestone":9,"minecraft:birch_slab":3,"minecraft:leather":6,"minecraft:birch_planks":6,"minecraft:gunpowder":7,"minecraft:dirt":5,"minecraft:cooked_mutton":2,"minecraft:bone":2,"minecraft:wheat_seeds":5,"minecraft:iron_ingot":27,"minecraft:stone_pickaxe":2,"minecraft:flowering_azalea":3,"minecraft:spruce_sapling":9,"minecraft:spruce_log":24,"minecraft:spider_eye":1,"travelersbackpack:white_sleeping_bag":4,"regions_unexplored:clover":15,"wardrobe:silk":2,"minecraft:coal":50}},"DataVersion":3465}