{"stats":{"minecraft:crafted":{"minecraft:wooden_sword":1,"minecraft:wooden_shovel":1,"minecraft:stone_shovel":1,"minecraft:crafting_table":1,"minecraft:spruce_planks":88,"minecraft:wooden_pickaxe":1,"minecraft:cooked_chicken":12,"minecraft:iron_sword":1,"minecraft:bucket":1,"minecraft:stone_axe":1,"minecraft:bread":24,"minecraft:cooked_mutton":8,"minecraft:air":0,"minecraft:white_wool":8,"minecraft:iron_axe":1,"minecraft:stick":40,"minecraft:iron_ingot":29,"minecraft:iron_pickaxe":1,"minecraft:stone_pickaxe":4,"minecraft:wooden_axe":2,"minecraft:stone_sword":1,"minecraft:iron_shovel":1,"minecraft:white_bed":2,"minecraft:torch":64,"minecraft:wheat":72},"minecraft:broken":{"minecraft:wooden_pickaxe":1},"minecraft:used":{"minecraft:oak_trapdoor":1,"minecraft:cooked_mutton":8,"minecraft:stone_sword":48,"minecraft:iron_shovel":3,"minecraft:stone_pickaxe":292,"minecraft:wooden_pickaxe":69,"minecraft:sugar_cane":7,"minecraft:iron_sword":19,"minecraft:wooden_shovel":15,"minecraft:cooked_chicken":6,"minecraft:torch":29,"minecraft:crafting_table":6,"minecraft:white_bed":1,"minecraft:wooden_axe":55,"minecraft:iron_axe":2,"minecraft:iron_pickaxe":146,"minecraft:stone_axe":4,"minecraft:wooden_sword":15,"minecraft:raw_copper_block":2,"minecraft:cobblestone":42,"minecraft:furnace":4,"minecraft:bucket":1,"alexsmobs:animal_dictionary":1,"minecraft:egg":7},"minecraft:custom":{"minecraft:interact_with_furnace":41,"minecraft:mob_kills":23,"minecraft:interact_with_crafting_table":11,"minecraft:time_since_death":4282,"minecraft:sleep_in_bed":1,"minecraft:time_since_rest":4370,"minecraft:waystone_activated":2,"minecraft:sprint_one_cm":111359,"minecraft:damage_taken":1021,"minecraft:walk_one_cm":154326,"minecraft:drop":18,"minecraft:damage_dealt":2540,"minecraft:swim_one_cm":3350,"minecraft:fly_one_cm":108926,"minecraft:open_chest":6,"minecraft:deaths":1,"minecraft:crouch_one_cm":1374,"minecraft:play_time":48101,"minecraft:sneak_time":455,"minecraft:walk_under_water_one_cm":751,"minecraft:jump":499,"minecraft:walk_on_water_one_cm":5049,"minecraft:total_world_time":48101,"minecraft:interact_with_smoker":4,"minecraft:fall_one_cm":12634},"minecraft:picked_up":{"minecraft:charcoal":4,"minecraft:crafting_table":6,"minecraft:iron_chestplate":1,"minecraft:feather":17,"minecraft:chicken":12,"minecraft:andesite":17,"create:raw_zinc":1,"gravestone:obituary":1,"minecraft:amethyst_block":4,"minecraft:dirt":13,"minecraft:string":34,"minecraft:oak_trapdoor":1,"minecraft:iron_leggings":1,"minecraft:item_frame":1,"minecraft:wheat_seeds":2,"minecraft:rabbit_hide":7,"minecraft:spruce_planks":3,"minecraft:iron_ingot":2,"minecraft:stone_pickaxe":2,"minecraft:calcite":2,"minecraft:sugar_cane":7,"minecraft:furnace":7,"minecraft:iron_boots":1,"minecraft:egg":7,"minecraft:stick":5,"minecraft:raw_iron":5,"minecraft:smooth_basalt":2,"minecraft:oak_fence":1,"minecraft:torch":2,"minecraft:gravel":1,"minecraft:amethyst_shard":12,"minecraft:pointed_dripstone":6,"minecraft:white_bed":1,"minecraft:spruce_log":22,"minecraft:spider_eye":3,"alexsmobs:animal_dictionary":1,"minecraft:arrow":1,"minecraft:rotten_flesh":3,"minecraft:hay_block":8,"minecraft:iron_helmet":1,"minecraft:granite":1,"minecraft:bread":27,"minecraft:bone_block":11,"minecraft:mutton":8,"minecraft:coal":8,"minecraft:rail":4,"minecraft:cobblestone":106},"minecraft:killed":{"minecraft:cave_spider":2,"minecraft:spider":3,"enemyexpansion:direwolf":1,"minecraft:zombie":4,"minecraft:chicken":12,"enemyexpansion:huntsman":1},"minecraft:killed_by":{"minecraft:zombie":1},"minecraft:mined":{"create:deepslate_zinc_ore":18,"minecraft:white_bed":1,"minecraft:amethyst_cluster":3,"minecraft:oak_fence":2,"minecraft:crafting_table":6,"minecraft:torch":1,"minecraft:granite":2,"minecraft:budding_amethyst":1,"minecraft:calcite":2,"minecraft:grass_block":5,"minecraft:campfire":2,"minecraft:copper_ore":193,"minecraft:tall_grass":1,"minecraft:cobblestone":23,"minecraft:spruce_leaves":7,"minecraft:deepslate_gold_ore":1,"minecraft:sugar_cane":3,"minecraft:wall_torch":1,"minecraft:diorite":11,"minecraft:amethyst_block":4,"minecraft:spawner":3,"minecraft:furnace":7,"minecraft:iron_ore":26,"minecraft:spruce_log":24,"minecraft:andesite":39,"minecraft:deepslate_lapis_ore":2,"minecraft:grass":8,"minecraft:pointed_dripstone":8,"minecraft:coal_ore":57,"minecraft:deepslate_iron_ore":8,"minecraft:gravel":2,"minecraft:dirt":9,"minecraft:cobweb":31,"minecraft:smooth_basalt":2,"minecraft:raw_copper_block":6,"minecraft:stone":87},"minecraft:dropped":{"minecraft:gravel":1,"minecraft:stone_axe":1,"minecraft:wheat_seeds":1,"minecraft:stone_sword":1,"alexsmobs:animal_dictionary":2,"minecraft:stone_shovel":1,"minecraft:oak_fence":1,"minecraft:item_frame":1,"gravestone:obituary":1,"minecraft:spider_eye":3,"minecraft:arrow":1,"minecraft:stone_pickaxe":3,"minecraft:calcite":2,"minecraft:string":2,"minecraft:smooth_basalt":2}},"DataVersion":3465}