{"stats":{"minecraft:crafted":{"minecraft:wooden_sword":1,"minecraft:wooden_shovel":1,"minecraft:cooked_porkchop":12,"minecraft:crafting_table":1,"minecraft:spruce_planks":96,"minecraft:iron_helmet":1,"minecraft:wooden_pickaxe":1,"minecraft:iron_sword":2,"minecraft:air":0,"minecraft:iron_boots":1,"minecraft:iron_chestplate":2,"minecraft:shield":2,"minecraft:iron_axe":1,"minecraft:stick":36,"minecraft:iron_ingot":27,"minecraft:iron_pickaxe":2,"minecraft:stone_pickaxe":1,"minecraft:wooden_axe":1,"minecraft:iron_leggings":1,"minecraft:iron_shovel":1,"quark:spruce_chest":1,"minecraft:torch":48,"minecraft:shears":1},"minecraft:killed":{"minecraft:pig":6,"minecraft:spider":3,"minecraft:skeleton":2,"minecraft:sheep":2,"minecraft:horse":3,"minecraft:zombie":1,"alexsmobs:banana_slug":1,"enemyexpansion:botfly":2,"minecraft:silverfish":1,"enemyexpansion:vampflyer":2},"minecraft:used":{"minecraft:cooked_mutton":2,"minecraft:tropical_fish":4,"minecraft:stone_pickaxe":33,"minecraft:shield":13,"minecraft:spruce_planks":9,"minecraft:wooden_pickaxe":3,"minecraft:iron_sword":57,"minecraft:wooden_shovel":4,"minecraft:torch":30,"minecraft:crafting_table":4,"minecraft:wooden_axe":27,"quark:spruce_chest":1,"minecraft:iron_pickaxe":110,"travelersbackpack:white_sleeping_bag":1,"minecraft:wooden_sword":14,"minecraft:cooked_porkchop":9,"minecraft:furnace":2,"regions_unexplored:blackwood_log":1},"minecraft:killed_by":{"minecraft:spider":1,"mythicmounts:dragon":1,"enemyexpansion:invisicreeper":1},"minecraft:dropped":{"minecraft:iron_sword":1,"minecraft:moss_carpet":11,"minecraft:wheat_seeds":5,"minecraft:cobbled_deepslate":7,"alexsmobs:animal_dictionary":1,"minecraft:cooked_porkchop":3,"minecraft:dark_oak_sapling":1,"minecraft:rotten_flesh":2,"minecraft:cobblestone":6,"wardrobe:silk":2,"minecraft:stick":3,"minecraft:dirt":5,"minecraft:shroomlight":1,"minecraft:shield":1,"minecraft:iron_chestplate":1,"minecraft:wooden_axe":1,"minecraft:wooden_shovel":1,"minecraft:azalea":2,"gravestone:obituary":6,"minecraft:spider_eye":1,"minecraft:wooden_sword":1,"minecraft:flowering_azalea":3,"minecraft:arrow":2,"minecraft:stone_pickaxe":2,"minecraft:wooden_pickaxe":1,"minecraft:iron_pickaxe":1,"minecraft:string":5,"minecraft:white_wool":5,"minecraft:spruce_sapling":9,"minecraft:bone":2},"minecraft:mined":{"create:zinc_ore":26,"minecraft:deepslate_redstone_ore":2,"create:deepslate_zinc_ore":2,"minecraft:spruce_planks":5,"minecraft:crafting_table":4,"gravestone:gravestone":4,"travelersbackpack:white_sleeping_bag":2,"minecraft:tall_grass":2,"minecraft:copper_ore":28,"minecraft:spruce_leaves":1,"minecraft:wall_torch":1,"minecraft:deepslate_copper_ore":1,"minecraft:furnace":2,"minecraft:iron_ore":27,"minecraft:spruce_log":25,"minecraft:deepslate_iron_ore":1,"minecraft:coal_ore":35,"minecraft:shroomlight":1,"minecraft:dirt":5,"regions_unexplored:clover":7,"regions_unexplored:medium_grass":1,"regions_unexplored:blackwood_leaves":4,"minecraft:stone":7,"create:crimsite":2,"minecraft:deepslate":7},"minecraft:custom":{"minecraft:interact_with_furnace":21,"spartanshields:shield_bash_hits":1,"minecraft:mob_kills":24,"minecraft:interact_with_crafting_table":13,"minecraft:time_since_death":9867,"minecraft:sleep_in_bed":2,"minecraft:climb_one_cm":1292,"minecraft:time_since_rest":7217,"minecraft:sprint_one_cm":155349,"minecraft:damage_taken":2093,"minecraft:walk_one_cm":99565,"minecraft:damage_blocked_by_shield":245,"minecraft:drop":42,"minecraft:damage_dealt":3492,"minecraft:swim_one_cm":57057,"minecraft:fly_one_cm":203248,"minecraft:open_chest":9,"minecraft:crouch_one_cm":6959,"minecraft:play_time":58207,"minecraft:deaths":4,"minecraft:sneak_time":2401,"minecraft:walk_under_water_one_cm":39286,"minecraft:jump":963,"minecraft:walk_on_water_one_cm":29101,"minecraft:total_world_time":58207,"minecraft:fall_one_cm":40410},"minecraft:picked_up":{"minecraft:crafting_table":4,"minecraft:leather":6,"quark:music_disc_drips":1,"gravestone:obituary":2,"minecraft:gunpowder":7,"minecraft:dirt":5,"minecraft:string":5,"minecraft:raw_copper":5,"minecraft:moss_carpet":11,"minecraft:cooked_mutton":2,"minecraft:bone":2,"minecraft:shroomlight":1,"minecraft:wheat_seeds":5,"minecraft:cobbled_deepslate":7,"minecraft:spruce_planks":2,"minecraft:iron_ingot":27,"minecraft:stone_pickaxe":2,"minecraft:azalea":2,"regions_unexplored:blackwood_log":2,"minecraft:flowering_azalea":3,"minecraft:furnace":2,"minecraft:dark_oak_sapling":1,"minecraft:stick":2,"minecraft:raw_iron":8,"minecraft:torch":1,"minecraft:porkchop":10,"minecraft:spruce_sapling":9,"minecraft:spruce_log":24,"minecraft:redstone":9,"minecraft:spider_eye":1,"travelersbackpack:white_sleeping_bag":2,"minecraft:arrow":2,"minecraft:rotten_flesh":2,"minecraft:tropical_fish":3,"regions_unexplored:clover":15,"wardrobe:silk":2,"minecraft:mutton":2,"minecraft:coal":50,"minecraft:white_wool":5,"minecraft:cobblestone":9}},"DataVersion":3465}