{"stats":{"minecraft:crafted":{"minecraft:stone_shovel":1,"minecraft:crafting_table":1,"minecraft:spruce_planks":28,"minecraft:wooden_pickaxe":1,"minecraft:furnace":1,"minecraft:stone_axe":2,"minecraft:stick":28,"minecraft:stone_pickaxe":2,"minecraft:stone_sword":1,"minecraft:torch":24,"minecraft:stone_hoe":1},"minecraft:broken":{"minecraft:stone_pickaxe":1,"minecraft:stone_axe":1,"minecraft:wooden_pickaxe":1},"minecraft:used":{"minecraft:wheat_seeds":60,"minecraft:stone_sword":24,"minecraft:stone_shovel":139,"minecraft:stone_pickaxe":273,"minecraft:wooden_pickaxe":57,"minecraft:stone_hoe":122,"minecraft:torch":13,"minecraft:dirt":1,"minecraft:crafting_table":2,"minecraft:white_bed":1,"minecraft:spruce_log":2,"minecraft:apple":3,"minecraft:stone_axe":153,"minecraft:furnace":1,"alexsmobs:animal_dictionary":1},"minecraft:custom":{"minecraft:interact_with_furnace":6,"minecraft:mob_kills":1,"minecraft:interact_with_crafting_table":10,"minecraft:open_barrel":2,"minecraft:leave_game":1,"minecraft:time_since_death":8528,"minecraft:sleep_in_bed":1,"minecraft:time_since_rest":4038,"minecraft:sprint_one_cm":111319,"minecraft:damage_taken":958,"minecraft:walk_one_cm":197213,"minecraft:drop":15,"minecraft:damage_dealt":483,"minecraft:swim_one_cm":38889,"minecraft:talked_to_villager":1,"minecraft:fly_one_cm":140149,"minecraft:open_chest":5,"minecraft:crouch_one_cm":212,"minecraft:play_time":49721,"minecraft:deaths":3,"minecraft:sneak_time":182,"minecraft:walk_under_water_one_cm":10719,"minecraft:interact_with_brewingstand":1,"minecraft:jump":545,"minecraft:walk_on_water_one_cm":17628,"minecraft:total_world_time":49721,"minecraft:fall_one_cm":8745,"minecraft:horse_one_cm":7249},"minecraft:picked_up":{"minecraft:birch_log":10,"minecraft:crafting_table":2,"minecraft:iron_chestplate":2,"minecraft:wheat":20,"minecraft:andesite":19,"minecraft:oak_log":102,"gravestone:obituary":2,"minecraft:dirt":95,"minecraft:moss_carpet":1,"minecraft:iron_leggings":4,"minecraft:armor_stand":4,"minecraft:apple":3,"minecraft:wheat_seeds":60,"minecraft:cobbled_deepslate":5,"minecraft:spruce_planks":3,"minecraft:rose_bush":3,"minecraft:sugar_cane":30,"minecraft:birch_sapling":1,"minecraft:iron_boots":4,"minecraft:egg":2,"minecraft:stick":24,"minecraft:torch":2,"minecraft:sand":49,"minecraft:spruce_sapling":1,"minecraft:diorite":35,"minecraft:white_bed":3,"minecraft:spruce_log":9,"minecraft:rotten_flesh":2,"minecraft:iron_helmet":2,"minecraft:hay_block":8,"quark:hollow_birch_log":2,"minecraft:oak_sapling":25,"minecraft:cobblestone":143},"minecraft:killed":{"enemyexpansion:equestrian":1},"minecraft:killed_by":{"minecraft:enderman":1,"enemyexpansion:equestrian":1},"minecraft:dropped":{"minecraft:iron_helmet":1,"minecraft:iron_boots":3,"minecraft:hay_block":8,"minecraft:iron_chestplate":1,"minecraft:iron_leggings":3,"gravestone:obituary":5,"minecraft:spruce_sapling":1},"minecraft:mined":{"minecraft:spruce_planks":3,"minecraft:white_bed":3,"minecraft:crafting_table":2,"gravestone:gravestone":3,"minecraft:granite":16,"minecraft:grass_block":71,"minecraft:rose_bush":3,"minecraft:tall_grass":21,"minecraft:sugar_cane":10,"minecraft:diorite":44,"minecraft:oxeye_daisy":1,"minecraft:wall_torch":2,"quark:hollow_birch_log":2,"minecraft:hay_block":9,"minecraft:birch_log":10,"minecraft:wheat":23,"minecraft:spruce_log":10,"minecraft:andesite":20,"minecraft:grass":152,"minecraft:oak_log":112,"minecraft:coal_ore":6,"minecraft:sand":51,"minecraft:dirt":24,"minecraft:stone":190,"minecraft:oak_leaves":8,"minecraft:deepslate":6}},"DataVersion":3465}