{
  "mcwfences:recipes/stone": {
    "criteria": {
      "has_stone": "2024-10-13 19:02:52 +0000"
    },
    "done": true
  },
  "mcwfences:recipes/jungle": {
    "criteria": {
      "has_jungle": "2024-10-13 19:02:52 +0000"
    },
    "done": true
  },
  "mcwfences:recipes/oak": {
    "criteria": {
      "has_oak": "2024-10-13 19:02:52 +0000"
    },
    "done": true
  },
  "mcwfences:recipes/end": {
    "criteria": {
      "has_end_brick": "2024-10-13 19:02:52 +0000"
    },
    "done": true
  },
  "mcwfences:recipes/bamboo": {
    "criteria": {
      "has_bamboo": "2024-10-13 19:02:52 +0000"
    },
    "done": true
  },
  "travelersbackpack:standard_from_custom": {
    "criteria": {
      "has_the_recipe": "2024-10-13 19:02:52 +0000"
    },
    "done": true
  },
  "mcwfences:recipes/deepslate": {
    "criteria": {
      "has_deepslate": "2024-10-13 19:02:52 +0000"
    },
    "done": true
  },
  "mcwfences:recipes/mud_brick": {
    "criteria": {
      "has_qq": "2024-10-13 19:02:52 +0000"
    },
    "done": true
  },
  "mcwfences:recipes/mangrove": {
    "criteria": {
      "has_mangrove": "2024-10-13 19:02:52 +0000"
    },
    "done": true
  },
  "mcwfences:recipes/warped": {
    "criteria": {
      "has_warped": "2024-10-13 19:02:52 +0000"
    },
    "done": true
  },
  "mcwfences:recipes/blackstone": {
    "criteria": {
      "has_blackstone": "2024-10-13 19:02:52 +0000"
    },
    "done": true
  },
  "mcwfences:recipes/dark_oak": {
    "criteria": {
      "has_dark_oak": "2024-10-13 19:02:52 +0000"
    },
    "done": true
  },
  "mcwfences:recipes/spruce": {
    "criteria": {
      "has_spruce": "2024-10-13 19:02:52 +0000"
    },
    "done": true
  },
  "mcwfences:recipes/hedge": {
    "criteria": {
      "has_birch": "2024-10-13 19:02:52 +0000"
    },
    "done": true
  },
  "create_connected:root": {
    "criteria": {
      "0": "2024-10-13 19:02:52 +0000"
    },
    "done": true
  },
  "mcwfences:recipes/nether": {
    "criteria": {
      "has_nether_brick": "2024-10-13 19:02:52 +0000"
    },
    "done": true
  },
  "mcwfences:recipes/crimson": {
    "criteria": {
      "has_crimson": "2024-10-13 19:02:52 +0000"
    },
    "done": true
  },
  "mcwfences:recipes/prismarine": {
    "criteria": {
      "has_qq": "2024-10-13 19:02:52 +0000"
    },
    "done": true
  },
  "farmersdelight:main/root": {
    "criteria": {
      "seeds": "2024-10-13 19:02:52 +0000"
    },
    "done": true
  },
  "mcwfences:recipes/quartz": {
    "criteria": {
      "has_qq": "2024-10-13 19:02:52 +0000"
    },
    "done": true
  },
  "create:root": {
    "criteria": {
      "0": "2024-10-13 19:02:52 +0000"
    },
    "done": true
  },
  "mcwfences:recipes/sandstone": {
    "criteria": {
      "has_sand": "2024-10-13 19:02:52 +0000"
    },
    "done": true
  },
  "mcwfences:recipes/birch": {
    "criteria": {
      "has_birch": "2024-10-13 19:02:52 +0000"
    },
    "done": true
  },
  "ironfurnaces:coal": {
    "criteria": {
      "rainbowcoal": "2024-10-13 19:02:52 +0000"
    },
    "done": true
  },
  "mcwfences:recipes/acacia": {
    "criteria": {
      "has_acacia": "2024-10-13 19:02:52 +0000"
    },
    "done": true
  },
  "minecraft:adventure/adventuring_time": {
    "criteria": {
      "minecraft:taiga": "2024-10-13 19:39:08 +0000",
      "minecraft:frozen_river": "2024-10-13 19:52:17 +0000",
      "minecraft:cherry_grove": "2024-10-13 19:05:03 +0000",
      "minecraft:beach": "2024-10-14 00:25:25 +0000",
      "minecraft:river": "2024-10-13 19:50:35 +0000",
      "minecraft:dripstone_caves": "2024-10-13 19:17:34 +0000",
      "minecraft:forest": "2024-10-13 19:39:07 +0000",
      "minecraft:lush_caves": "2024-10-13 19:51:48 +0000",
      "minecraft:ocean": "2024-10-14 00:25:28 +0000",
      "minecraft:meadow": "2024-10-13 19:58:39 +0000",
      "minecraft:plains": "2024-10-13 19:02:54 +0000"
    },
    "done": false
  },
  "minecraft:story/root": {
    "criteria": {
      "crafting_table": "2024-10-13 19:05:55 +0000"
    },
    "done": true
  },
  "minecraft:story/mine_stone": {
    "criteria": {
      "get_stone": "2024-10-13 19:07:25 +0000"
    },
    "done": true
  },
  "minecraft:story/upgrade_tools": {
    "criteria": {
      "stone_pickaxe": "2024-10-13 19:08:00 +0000"
    },
    "done": true
  },
  "minecraft:story/smelt_iron": {
    "criteria": {
      "iron": "2024-10-13 19:10:19 +0000"
    },
    "done": true
  },
  "minecraft:story/iron_tools": {
    "criteria": {
      "iron_pickaxe": "2024-10-13 19:10:23 +0000"
    },
    "done": true
  },
  "minecraft:adventure/root": {
    "criteria": {
      "killed_something": "2024-10-13 19:16:32 +0000"
    },
    "done": true
  },
  "minecraft:adventure/kill_all_mobs": {
    "criteria": {
      "minecraft:skeleton": "2024-10-13 19:16:32 +0000",
      "minecraft:spider": "2024-10-13 19:25:47 +0000",
      "minecraft:creeper": "2024-10-13 20:10:00 +0000",
      "minecraft:piglin": "2024-10-14 03:18:53 +0000",
      "minecraft:enderman": "2024-10-13 22:07:50 +0000",
      "minecraft:silverfish": "2024-10-13 20:58:50 +0000",
      "minecraft:zombie": "2024-10-13 19:34:19 +0000",
      "quark:foxhound": "2024-10-14 01:39:09 +0000"
    },
    "done": false
  },
  "minecraft:adventure/kill_a_mob": {
    "criteria": {
      "minecraft:skeleton": "2024-10-13 19:16:32 +0000"
    },
    "done": true
  },
  "minecraft:husbandry/balanced_diet": {
    "criteria": {
      "cooked_porkchop": "2024-10-13 20:32:20 +0000",
      "cooked_mutton": "2024-10-13 19:28:28 +0000",
      "cooked_beef": "2024-10-13 19:43:43 +0000",
      "porkchop": "2024-10-13 20:21:21 +0000",
      "apple": "2024-10-13 21:27:28 +0000",
      "bread": "2024-10-13 20:28:21 +0000",
      "rotten_flesh": "2024-10-13 20:30:51 +0000"
    },
    "done": false
  },
  "minecraft:husbandry/root": {
    "criteria": {
      "consumed_item": "2024-10-13 19:28:28 +0000"
    },
    "done": true
  },
  "minecraft:adventure/sleep_in_bed": {
    "criteria": {
      "slept_in_bed": "2024-10-13 19:44:09 +0000"
    },
    "done": true
  },
  "minecraft:story/obtain_armor": {
    "criteria": {
      "iron_helmet": "2024-10-13 19:48:15 +0000"
    },
    "done": true
  },
  "create:andesite_alloy": {
    "criteria": {
      "0": "2024-10-13 20:11:07 +0000"
    },
    "done": true
  },
  "create:andesite_casing": {
    "criteria": {
      "0": "2024-10-13 20:11:42 +0000"
    },
    "done": true
  },
  "create:water_wheel": {
    "criteria": {
      "0": "2024-10-13 20:18:13 +0000"
    },
    "done": true
  },
  "minecraft:story/mine_diamond": {
    "criteria": {
      "diamond": "2024-10-13 20:21:00 +0000"
    },
    "done": true
  },
  "create:mechanical_press": {
    "criteria": {
      "0": "2024-10-13 21:12:17 +0000"
    },
    "done": true
  },
  "create:shifting_gears": {
    "criteria": {
      "0": "2024-10-13 21:27:06 +0000"
    },
    "done": true
  },
  "create:encased_fan": {
    "criteria": {
      "0": "2024-10-13 21:27:40 +0000"
    },
    "done": true
  },
  "minecraft:story/lava_bucket": {
    "criteria": {
      "lava_bucket": "2024-10-13 21:35:37 +0000"
    },
    "done": true
  },
  "minecraft:husbandry/bred_all_animals": {
    "criteria": {
      "minecraft:cow": "2024-10-13 23:14:47 +0000",
      "minecraft:sheep": "2024-10-13 21:36:40 +0000"
    },
    "done": false
  },
  "minecraft:husbandry/breed_an_animal": {
    "criteria": {
      "bred": "2024-10-13 21:36:40 +0000"
    },
    "done": true
  },
  "create:fan_processing": {
    "criteria": {
      "0": "2024-10-13 21:41:16 +0000"
    },
    "done": true
  },
  "minecraft:story/form_obsidian": {
    "criteria": {
      "obsidian": "2024-10-13 21:46:12 +0000"
    },
    "done": true
  },
  "minecraft:nether/root": {
    "criteria": {
      "entered_nether": "2024-10-13 21:57:35 +0000"
    },
    "done": true
  },
  "minecraft:story/enter_the_nether": {
    "criteria": {
      "entered_nether": "2024-10-13 21:57:35 +0000"
    },
    "done": true
  },
  "minecraft:nether/explore_nether": {
    "criteria": {
      "minecraft:nether_wastes": "2024-10-13 21:57:38 +0000",
      "minecraft:basalt_deltas": "2024-10-13 22:03:31 +0000",
      "minecraft:warped_forest": "2024-10-13 21:59:16 +0000"
    },
    "done": false
  },
  "create:burner": {
    "criteria": {
      "0": "2024-10-13 22:36:15 +0000"
    },
    "done": true
  },
  "minecraft:adventure/trade": {
    "criteria": {
      "traded": "2024-10-13 22:38:17 +0000"
    },
    "done": true
  },
  "create:copper": {
    "criteria": {
      "0": "2024-10-13 22:51:42 +0000"
    },
    "done": true
  },
  "create:mechanical_mixer": {
    "criteria": {
      "0": "2024-10-13 22:56:00 +0000"
    },
    "done": true
  },
  "create:brass": {
    "criteria": {
      "0": "2024-10-13 22:57:19 +0000"
    },
    "done": true
  },
  "create:rose_quartz": {
    "criteria": {
      "0": "2024-10-13 22:59:34 +0000"
    },
    "done": true
  },
  "create:deployer": {
    "criteria": {
      "0": "2024-10-13 23:02:04 +0000"
    },
    "done": true
  },
  "minecraft:husbandry/plant_seed": {
    "criteria": {
      "wheat": "2024-10-13 23:06:21 +0000"
    },
    "done": true
  },
  "farmersdelight:main/plant_all_crops": {
    "criteria": {
      "kelp": "2024-10-14 00:29:12 +0000",
      "sugar_cane": "2024-10-14 02:10:49 +0000",
      "wheat": "2024-10-13 23:06:21 +0000"
    },
    "done": false
  },
  "create:precision_mechanism": {
    "criteria": {
      "0": "2024-10-13 23:18:58 +0000"
    },
    "done": true
  },
  "create:brass_casing": {
    "criteria": {
      "0": "2024-10-13 23:19:18 +0000"
    },
    "done": true
  },
  "create:wrench_goggles": {
    "criteria": {
      "0": "2024-10-13 23:25:17 +0000"
    },
    "done": false
  },
  "create:mechanical_crafter": {
    "criteria": {
      "0": "2024-10-13 23:30:13 +0000"
    },
    "done": true
  },
  "create:speed_controller": {
    "criteria": {
      "0": "2024-10-13 23:45:45 +0000"
    },
    "done": true
  },
  "create:crusher_maxed_0000": {
    "criteria": {
      "0": "2024-10-13 23:45:55 +0000"
    },
    "done": true
  },
  "create:crushing_wheel": {
    "criteria": {
      "0": "2024-10-13 23:45:55 +0000"
    },
    "done": true
  },
  "create:mechanical_pump_0": {
    "criteria": {
      "0": "2024-10-14 02:57:24 +0000"
    },
    "done": true
  },
  "create:hose_pulley_lava": {
    "criteria": {
      "0": "2024-10-14 03:37:51 +0000"
    },
    "done": true
  },
  "alexsmobs:alexsmobs/crimson_mosquito": {
    "criteria": {
      "killed_by": "2024-10-14 02:51:32 +0000"
    },
    "done": true
  },
  "create:copper_casing": {
    "criteria": {
      "0": "2024-10-14 02:12:59 +0000"
    },
    "done": true
  },
  "create_enchantment_industry:recipes/printer": {
    "criteria": {
      "has_item": "2024-10-14 02:13:04 +0000"
    },
    "done": true
  },
  "alexsmobs:alexsmobs/seagull_steal": {
    "criteria": {
      "ex": "2024-10-14 02:05:44 +0000"
    },
    "done": true
  },
  "create:hose_pulley": {
    "criteria": {
      "0": "2024-10-14 03:37:51 +0000"
    },
    "done": true
  },
  "create_enchantment_industry:recipes/disenchanter": {
    "criteria": {
      "has_item": "2024-10-14 02:13:04 +0000"
    },
    "done": true
  },
  "create:belt": {
    "criteria": {
      "0": "2024-10-14 01:33:30 +0000"
    },
    "done": true
  },
  "alexsmobs:alexsmobs/straddler": {
    "criteria": {
      "killed_by": "2024-10-14 01:31:28 +0000"
    },
    "done": true
  },
  "quark:get_all_corundum": {
    "criteria": {
      "black": "2024-10-14 01:58:15 +0000"
    },
    "done": false
  },
  "create:lava_wheel_00000": {
    "criteria": {
      "0": "2024-10-14 03:15:43 +0000"
    },
    "done": true
  },
  "create:drain": {
    "criteria": {
      "0": "2024-10-14 03:13:22 +0000"
    },
    "done": true
  },
  "DataVersion": 3465
}