{
  "mcwfences:recipes/stone": {
    "criteria": {
      "has_stone": "2024-10-13 19:13:36 +0000"
    },
    "done": true
  },
  "mcwfences:recipes/jungle": {
    "criteria": {
      "has_jungle": "2024-10-13 19:13:36 +0000"
    },
    "done": true
  },
  "mcwfences:recipes/oak": {
    "criteria": {
      "has_oak": "2024-10-13 19:13:36 +0000"
    },
    "done": true
  },
  "mcwfences:recipes/end": {
    "criteria": {
      "has_end_brick": "2024-10-13 19:13:36 +0000"
    },
    "done": true
  },
  "mcwfences:recipes/bamboo": {
    "criteria": {
      "has_bamboo": "2024-10-13 19:13:36 +0000"
    },
    "done": true
  },
  "travelersbackpack:standard_from_custom": {
    "criteria": {
      "has_the_recipe": "2024-10-13 19:13:36 +0000"
    },
    "done": true
  },
  "mcwfences:recipes/deepslate": {
    "criteria": {
      "has_deepslate": "2024-10-13 19:13:36 +0000"
    },
    "done": true
  },
  "mcwfences:recipes/mud_brick": {
    "criteria": {
      "has_qq": "2024-10-13 19:13:36 +0000"
    },
    "done": true
  },
  "mcwfences:recipes/mangrove": {
    "criteria": {
      "has_mangrove": "2024-10-13 19:13:36 +0000"
    },
    "done": true
  },
  "mcwfences:recipes/warped": {
    "criteria": {
      "has_warped": "2024-10-13 19:13:36 +0000"
    },
    "done": true
  },
  "mcwfences:recipes/blackstone": {
    "criteria": {
      "has_blackstone": "2024-10-13 19:13:36 +0000"
    },
    "done": true
  },
  "minecraft:adventure/adventuring_time": {
    "criteria": {
      "minecraft:taiga": "2024-10-13 19:39:58 +0000",
      "minecraft:cherry_grove": "2024-10-13 19:15:24 +0000",
      "minecraft:beach": "2024-10-14 00:56:14 +0000",
      "minecraft:river": "2024-10-13 19:39:40 +0000",
      "minecraft:dripstone_caves": "2024-10-13 19:17:54 +0000",
      "minecraft:forest": "2024-10-13 20:19:21 +0000",
      "minecraft:lush_caves": "2024-10-13 19:51:21 +0000",
      "minecraft:flower_forest": "2024-10-14 00:56:26 +0000",
      "minecraft:meadow": "2024-10-13 19:59:00 +0000",
      "minecraft:plains": "2024-10-13 19:13:36 +0000"
    },
    "done": false
  },
  "mcwfences:recipes/dark_oak": {
    "criteria": {
      "has_dark_oak": "2024-10-13 19:13:36 +0000"
    },
    "done": true
  },
  "mcwfences:recipes/spruce": {
    "criteria": {
      "has_spruce": "2024-10-13 19:13:36 +0000"
    },
    "done": true
  },
  "mcwfences:recipes/hedge": {
    "criteria": {
      "has_birch": "2024-10-13 19:13:36 +0000"
    },
    "done": true
  },
  "create_connected:root": {
    "criteria": {
      "0": "2024-10-13 19:13:36 +0000"
    },
    "done": true
  },
  "mcwfences:recipes/nether": {
    "criteria": {
      "has_nether_brick": "2024-10-13 19:13:36 +0000"
    },
    "done": true
  },
  "mcwfences:recipes/crimson": {
    "criteria": {
      "has_crimson": "2024-10-13 19:13:36 +0000"
    },
    "done": true
  },
  "mcwfences:recipes/prismarine": {
    "criteria": {
      "has_qq": "2024-10-13 19:13:36 +0000"
    },
    "done": true
  },
  "farmersdelight:main/root": {
    "criteria": {
      "seeds": "2024-10-13 19:13:36 +0000"
    },
    "done": true
  },
  "mcwfences:recipes/quartz": {
    "criteria": {
      "has_qq": "2024-10-13 19:13:36 +0000"
    },
    "done": true
  },
  "create:root": {
    "criteria": {
      "0": "2024-10-13 19:13:36 +0000"
    },
    "done": true
  },
  "mcwfences:recipes/sandstone": {
    "criteria": {
      "has_sand": "2024-10-13 19:13:36 +0000"
    },
    "done": true
  },
  "mcwfences:recipes/birch": {
    "criteria": {
      "has_birch": "2024-10-13 19:13:36 +0000"
    },
    "done": true
  },
  "ironfurnaces:coal": {
    "criteria": {
      "rainbowcoal": "2024-10-13 19:13:36 +0000"
    },
    "done": true
  },
  "mcwfences:recipes/acacia": {
    "criteria": {
      "has_acacia": "2024-10-13 19:13:36 +0000"
    },
    "done": true
  },
  "minecraft:story/smelt_iron": {
    "criteria": {
      "iron": "2024-10-13 19:16:37 +0000"
    },
    "done": true
  },
  "minecraft:story/root": {
    "criteria": {
      "crafting_table": "2024-10-13 19:20:34 +0000"
    },
    "done": true
  },
  "minecraft:husbandry/balanced_diet": {
    "criteria": {
      "cooked_porkchop": "2024-10-13 19:27:26 +0000",
      "cooked_beef": "2024-10-13 19:43:40 +0000",
      "apple": "2024-10-13 19:20:59 +0000",
      "bread": "2024-10-13 19:55:36 +0000"
    },
    "done": false
  },
  "minecraft:husbandry/root": {
    "criteria": {
      "consumed_item": "2024-10-13 19:20:59 +0000"
    },
    "done": true
  },
  "minecraft:adventure/root": {
    "criteria": {
      "killed_something": "2024-10-13 19:21:13 +0000"
    },
    "done": true
  },
  "minecraft:story/iron_tools": {
    "criteria": {
      "iron_pickaxe": "2024-10-13 19:24:31 +0000"
    },
    "done": true
  },
  "minecraft:story/mine_stone": {
    "criteria": {
      "get_stone": "2024-10-13 19:24:39 +0000"
    },
    "done": true
  },
  "minecraft:adventure/shoot_arrow": {
    "criteria": {
      "shot_arrow": "2024-10-13 19:30:13 +0000"
    },
    "done": true
  },
  "minecraft:story/obtain_armor": {
    "criteria": {
      "iron_chestplate": "2024-10-13 19:31:14 +0000"
    },
    "done": true
  },
  "minecraft:adventure/sleep_in_bed": {
    "criteria": {
      "slept_in_bed": "2024-10-13 19:32:50 +0000"
    },
    "done": true
  },
  "minecraft:adventure/kill_all_mobs": {
    "criteria": {
      "minecraft:pillager": "2024-10-13 21:19:48 +0000",
      "minecraft:skeleton": "2024-10-13 20:44:25 +0000",
      "minecraft:spider": "2024-10-13 20:09:36 +0000",
      "minecraft:creeper": "2024-10-13 20:44:49 +0000",
      "minecraft:witch": "2024-10-13 22:19:14 +0000",
      "minecraft:cave_spider": "2024-10-13 22:22:14 +0000",
      "minecraft:piglin": "2024-10-14 03:15:28 +0000",
      "minecraft:enderman": "2024-10-14 01:49:56 +0000",
      "minecraft:zombie": "2024-10-13 19:55:46 +0000",
      "quark:foxhound": "2024-10-14 03:35:00 +0000",
      "minecraft:drowned": "2024-10-13 19:51:22 +0000"
    },
    "done": false
  },
  "minecraft:adventure/kill_a_mob": {
    "criteria": {
      "minecraft:drowned": "2024-10-13 19:51:22 +0000"
    },
    "done": true
  },
  "minecraft:husbandry/plant_seed": {
    "criteria": {
      "wheat": "2024-10-13 20:35:46 +0000"
    },
    "done": true
  },
  "farmersdelight:main/plant_all_crops": {
    "criteria": {
      "sugar_cane": "2024-10-14 00:57:53 +0000",
      "wheat": "2024-10-13 20:35:46 +0000"
    },
    "done": false
  },
  "minecraft:husbandry/bred_all_animals": {
    "criteria": {
      "minecraft:cow": "2024-10-13 23:31:05 +0000",
      "minecraft:sheep": "2024-10-13 20:54:52 +0000"
    },
    "done": false
  },
  "minecraft:husbandry/breed_an_animal": {
    "criteria": {
      "bred": "2024-10-13 20:54:52 +0000"
    },
    "done": true
  },
  "minecraft:adventure/voluntary_exile": {
    "criteria": {
      "voluntary_exile": "2024-10-13 21:21:48 +0000"
    },
    "done": true
  },
  "create:copper": {
    "criteria": {
      "0": "2024-10-13 21:44:31 +0000"
    },
    "done": true
  },
  "minecraft:story/form_obsidian": {
    "criteria": {
      "obsidian": "2024-10-13 21:46:26 +0000"
    },
    "done": true
  },
  "minecraft:story/mine_diamond": {
    "criteria": {
      "diamond": "2024-10-13 21:47:26 +0000"
    },
    "done": true
  },
  "minecraft:nether/root": {
    "criteria": {
      "entered_nether": "2024-10-13 21:58:04 +0000"
    },
    "done": true
  },
  "minecraft:story/enter_the_nether": {
    "criteria": {
      "entered_nether": "2024-10-13 21:58:04 +0000"
    },
    "done": true
  },
  "minecraft:nether/explore_nether": {
    "criteria": {
      "minecraft:nether_wastes": "2024-10-13 21:58:05 +0000",
      "minecraft:warped_forest": "2024-10-13 21:59:50 +0000"
    },
    "done": false
  },
  "create:brass": {
    "criteria": {
      "0": "2024-10-13 23:52:39 +0000"
    },
    "done": true
  },
  "minecraft:story/lava_bucket": {
    "criteria": {
      "lava_bucket": "2024-10-14 03:18:19 +0000"
    },
    "done": true
  },
  "create:precision_mechanism": {
    "criteria": {
      "0": "2024-10-14 02:42:40 +0000"
    },
    "done": true
  },
  "minecraft:adventure/trade": {
    "criteria": {
      "traded": "2024-10-14 00:38:01 +0000"
    },
    "done": true
  },
  "alexsmobs:alexsmobs/straddler": {
    "criteria": {
      "killed_by": "2024-10-14 01:31:26 +0000"
    },
    "done": true
  },
  "quark:get_all_corundum": {
    "criteria": {
      "black": "2024-10-14 03:05:40 +0000"
    },
    "done": false
  },
  "alexsmobs:alexsmobs/acacia_blossom": {
    "criteria": {
      "acacia_blossom": "2024-10-14 01:02:37 +0000"
    },
    "done": true
  },
  "DataVersion": 3465
}