{
  "travelersbackpack:standard_from_custom": {
    "criteria": {
      "has_the_recipe": "2024-10-25 02:02:18 +0000"
    },
    "done": true
  },
  "create_connected:root": {
    "criteria": {
      "0": "2024-10-25 02:02:18 +0000"
    },
    "done": true
  },
  "farmersdelight:main/root": {
    "criteria": {
      "seeds": "2024-10-25 02:02:18 +0000"
    },
    "done": true
  },
  "create:root": {
    "criteria": {
      "0": "2024-10-25 02:02:18 +0000"
    },
    "done": true
  },
  "cataclysm:root": {
    "criteria": {
      "custom_test_name": "2024-10-25 02:02:18 +0000"
    },
    "done": true
  },
  "mythicmounts:summoning_staff": {
    "criteria": {
      "has_the_recipe": "2024-10-25 02:02:18 +0000"
    },
    "done": true
  },
  "ironfurnaces:coal": {
    "criteria": {
      "rainbowcoal": "2024-10-25 02:02:18 +0000"
    },
    "done": true
  },
  "minecraft:adventure/adventuring_time": {
    "criteria": {
      "minecraft:taiga": "2024-10-25 02:02:19 +0000",
      "minecraft:river": "2024-10-25 02:07:18 +0000",
      "minecraft:dripstone_caves": "2024-10-25 02:20:26 +0000",
      "minecraft:forest": "2024-10-25 02:07:06 +0000",
      "minecraft:flower_forest": "2024-10-25 02:14:11 +0000",
      "minecraft:plains": "2024-10-25 02:07:42 +0000"
    },
    "done": false
  },
  "minecraft:story/root": {
    "criteria": {
      "crafting_table": "2024-10-25 02:06:22 +0000"
    },
    "done": true
  },
  "minecraft:adventure/root": {
    "criteria": {
      "killed_something": "2024-10-25 02:07:58 +0000"
    },
    "done": true
  },
  "minecraft:husbandry/root": {
    "criteria": {
      "consumed_item": "2024-10-25 02:08:54 +0000"
    },
    "done": true
  },
  "alexsmobs:alexsmobs/root": {
    "criteria": {
      "useitem": "2024-10-25 02:08:54 +0000"
    },
    "done": true
  },
  "minecraft:husbandry/balanced_diet": {
    "criteria": {
      "cooked_mutton": "2024-10-25 02:17:21 +0000",
      "cooked_chicken": "2024-10-25 02:10:14 +0000"
    },
    "done": false
  },
  "enemyexpansion:hunted": {
    "criteria": {
      "hunted_0": "2024-10-25 02:11:17 +0000"
    },
    "done": true
  },
  "farmersdelight:main/plant_all_crops": {
    "criteria": {
      "sugar_cane": "2024-10-25 02:13:50 +0000"
    },
    "done": false
  },
  "minecraft:story/obtain_armor": {
    "criteria": {
      "iron_leggings": "2024-10-25 02:16:58 +0000"
    },
    "done": true
  },
  "minecraft:adventure/kill_all_mobs": {
    "criteria": {
      "minecraft:spider": "2024-10-25 02:26:53 +0000",
      "minecraft:cave_spider": "2024-10-25 02:25:28 +0000",
      "minecraft:zombie": "2024-10-25 02:17:52 +0000"
    },
    "done": false
  },
  "minecraft:adventure/kill_a_mob": {
    "criteria": {
      "minecraft:zombie": "2024-10-25 02:17:52 +0000"
    },
    "done": true
  },
  "minecraft:story/mine_stone": {
    "criteria": {
      "get_stone": "2024-10-25 02:19:09 +0000"
    },
    "done": true
  },
  "minecraft:story/upgrade_tools": {
    "criteria": {
      "stone_pickaxe": "2024-10-25 02:21:38 +0000"
    },
    "done": true
  },
  "minecraft:story/smelt_iron": {
    "criteria": {
      "iron": "2024-10-25 02:22:59 +0000"
    },
    "done": true
  },
  "minecraft:story/iron_tools": {
    "criteria": {
      "iron_pickaxe": "2024-10-25 02:31:02 +0000"
    },
    "done": true
  },
  "minecraft:adventure/sleep_in_bed": {
    "criteria": {
      "slept_in_bed": "2024-10-25 02:37:26 +0000"
    },
    "done": true
  },
  "DataVersion": 3465
}