{
  "mcwfences:recipes/stone": {
    "criteria": {
      "has_stone": "2024-10-18 00:17:43 +0000"
    },
    "done": true
  },
  "mcwfences:recipes/jungle": {
    "criteria": {
      "has_jungle": "2024-10-18 00:17:43 +0000"
    },
    "done": true
  },
  "mcwfences:recipes/oak": {
    "criteria": {
      "has_oak": "2024-10-18 00:17:43 +0000"
    },
    "done": true
  },
  "mcwfences:recipes/end": {
    "criteria": {
      "has_end_brick": "2024-10-18 00:17:43 +0000"
    },
    "done": true
  },
  "mcwfences:recipes/bamboo": {
    "criteria": {
      "has_bamboo": "2024-10-18 00:17:43 +0000"
    },
    "done": true
  },
  "travelersbackpack:standard_from_custom": {
    "criteria": {
      "has_the_recipe": "2024-10-18 00:17:43 +0000"
    },
    "done": true
  },
  "mcwfences:recipes/deepslate": {
    "criteria": {
      "has_deepslate": "2024-10-18 00:17:43 +0000"
    },
    "done": true
  },
  "mcwfences:recipes/mud_brick": {
    "criteria": {
      "has_qq": "2024-10-18 00:17:43 +0000"
    },
    "done": true
  },
  "mcwfences:recipes/mangrove": {
    "criteria": {
      "has_mangrove": "2024-10-18 00:17:43 +0000"
    },
    "done": true
  },
  "mcwfences:recipes/warped": {
    "criteria": {
      "has_warped": "2024-10-18 00:17:43 +0000"
    },
    "done": true
  },
  "mcwfences:recipes/blackstone": {
    "criteria": {
      "has_blackstone": "2024-10-18 00:17:43 +0000"
    },
    "done": true
  },
  "mcwfences:recipes/dark_oak": {
    "criteria": {
      "has_dark_oak": "2024-10-18 00:17:43 +0000"
    },
    "done": true
  },
  "mcwfences:recipes/spruce": {
    "criteria": {
      "has_spruce": "2024-10-18 00:17:43 +0000"
    },
    "done": true
  },
  "mcwfences:recipes/hedge": {
    "criteria": {
      "has_birch": "2024-10-18 00:17:43 +0000"
    },
    "done": true
  },
  "create_connected:root": {
    "criteria": {
      "0": "2024-10-18 00:17:43 +0000"
    },
    "done": true
  },
  "mcwfences:recipes/nether": {
    "criteria": {
      "has_nether_brick": "2024-10-18 00:17:43 +0000"
    },
    "done": true
  },
  "mcwfences:recipes/crimson": {
    "criteria": {
      "has_crimson": "2024-10-18 00:17:43 +0000"
    },
    "done": true
  },
  "mcwfences:recipes/prismarine": {
    "criteria": {
      "has_qq": "2024-10-18 00:17:43 +0000"
    },
    "done": true
  },
  "farmersdelight:main/root": {
    "criteria": {
      "seeds": "2024-10-18 00:17:43 +0000"
    },
    "done": true
  },
  "mcwfences:recipes/quartz": {
    "criteria": {
      "has_qq": "2024-10-18 00:17:43 +0000"
    },
    "done": true
  },
  "create:root": {
    "criteria": {
      "0": "2024-10-18 00:17:43 +0000"
    },
    "done": true
  },
  "mcwfences:recipes/sandstone": {
    "criteria": {
      "has_sand": "2024-10-18 00:17:43 +0000"
    },
    "done": true
  },
  "mcwfences:recipes/birch": {
    "criteria": {
      "has_birch": "2024-10-18 00:17:43 +0000"
    },
    "done": true
  },
  "mythicmounts:summoning_staff": {
    "criteria": {
      "has_the_recipe": "2024-10-18 00:17:43 +0000"
    },
    "done": true
  },
  "ironfurnaces:coal": {
    "criteria": {
      "rainbowcoal": "2024-10-18 00:17:43 +0000"
    },
    "done": true
  },
  "mcwfences:recipes/acacia": {
    "criteria": {
      "has_acacia": "2024-10-18 00:17:43 +0000"
    },
    "done": true
  },
  "regions_unexplored:pioneer": {
    "criteria": {
      "silver_birch_forest": "2024-10-18 01:32:58 +0000",
      "shrubland": "2024-10-18 01:34:48 +0000",
      "pine_taiga": "2024-10-18 01:21:04 +0000",
      "autumnal_maple_forest": "2024-10-18 01:30:20 +0000",
      "muddy_river": "2024-10-19 00:55:04 +0000",
      "grassy_beach": "2024-10-18 00:22:13 +0000",
      "blackwood_taiga": "2024-10-18 00:17:44 +0000",
      "maple_forest": "2024-10-18 01:29:32 +0000",
      "boreal_forest": "2024-10-18 01:27:56 +0000",
      "cold_boreal_taiga": "2024-10-19 00:54:55 +0000",
      "temperate_grove": "2024-10-18 01:34:56 +0000",
      "cold_river": "2024-10-19 00:53:06 +0000",
      "gravel_beach": "2024-10-19 00:49:24 +0000",
      "lupine_plains": "2024-10-18 00:24:49 +0000"
    },
    "done": false
  },
  "regions_unexplored:regions_explored": {
    "criteria": {
      "silver_birch_forest": "2024-10-18 01:32:58 +0000",
      "shrubland": "2024-10-18 01:34:48 +0000",
      "pine_taiga": "2024-10-18 01:21:04 +0000",
      "autumnal_maple_forest": "2024-10-18 01:30:20 +0000",
      "muddy_river": "2024-10-19 00:55:04 +0000",
      "redstone_caves": "2024-10-18 01:53:38 +0000",
      "grassy_beach": "2024-10-18 00:22:13 +0000",
      "blackwood_taiga": "2024-10-18 00:17:44 +0000",
      "maple_forest": "2024-10-18 01:29:32 +0000",
      "boreal_forest": "2024-10-18 01:27:56 +0000",
      "cold_boreal_taiga": "2024-10-19 00:54:55 +0000",
      "temperate_grove": "2024-10-18 01:34:56 +0000",
      "cold_river": "2024-10-19 00:53:06 +0000",
      "gravel_beach": "2024-10-19 00:49:24 +0000",
      "lupine_plains": "2024-10-18 00:24:49 +0000"
    },
    "done": false
  },
  "regions_unexplored:parent": {
    "criteria": {
      "load_in_world": "2024-10-18 00:17:44 +0000"
    },
    "done": true
  },
  "minecraft:story/root": {
    "criteria": {
      "crafting_table": "2024-10-18 00:21:41 +0000"
    },
    "done": true
  },
  "minecraft:adventure/adventuring_time": {
    "criteria": {
      "minecraft:frozen_river": "2024-10-19 00:55:16 +0000",
      "minecraft:birch_forest": "2024-10-18 00:25:16 +0000",
      "minecraft:river": "2024-10-18 00:21:44 +0000",
      "minecraft:dripstone_caves": "2024-10-18 02:04:06 +0000",
      "minecraft:lush_caves": "2024-10-18 00:26:28 +0000",
      "minecraft:ocean": "2024-10-18 00:22:19 +0000"
    },
    "done": false
  },
  "regions_unexplored:got_wood": {
    "criteria": {
      "blackwood_log": "2024-10-18 00:21:44 +0000"
    },
    "done": false
  },
  "minecraft:adventure/root": {
    "criteria": {
      "killed_something": "2024-10-18 00:23:25 +0000"
    },
    "done": true
  },
  "minecraft:adventure/kill_all_mobs": {
    "criteria": {
      "minecraft:skeleton": "2024-10-18 00:53:06 +0000",
      "minecraft:spider": "2024-10-18 00:29:28 +0000",
      "minecraft:creeper": "2024-10-18 01:12:38 +0000",
      "minecraft:silverfish": "2024-10-18 00:23:25 +0000",
      "minecraft:zombie": "2024-10-18 00:32:23 +0000"
    },
    "done": false
  },
  "minecraft:adventure/kill_a_mob": {
    "criteria": {
      "minecraft:silverfish": "2024-10-18 00:23:25 +0000"
    },
    "done": true
  },
  "minecraft:story/mine_stone": {
    "criteria": {
      "get_stone": "2024-10-18 00:26:49 +0000"
    },
    "done": true
  },
  "minecraft:story/upgrade_tools": {
    "criteria": {
      "stone_pickaxe": "2024-10-18 00:29:50 +0000"
    },
    "done": true
  },
  "minecraft:story/smelt_iron": {
    "criteria": {
      "iron": "2024-10-18 00:35:27 +0000"
    },
    "done": true
  },
  "minecraft:story/iron_tools": {
    "criteria": {
      "iron_pickaxe": "2024-10-18 00:36:08 +0000"
    },
    "done": true
  },
  "minecraft:story/obtain_armor": {
    "criteria": {
      "iron_chestplate": "2024-10-18 00:39:53 +0000"
    },
    "done": true
  },
  "minecraft:husbandry/balanced_diet": {
    "criteria": {
      "cooked_porkchop": "2024-10-18 00:44:10 +0000",
      "cooked_mutton": "2024-10-18 01:01:59 +0000",
      "tropical_fish": "2024-10-18 00:40:14 +0000",
      "melon_slice": "2024-10-18 01:13:07 +0000",
      "cod": "2024-10-18 01:16:37 +0000"
    },
    "done": false
  },
  "minecraft:husbandry/root": {
    "criteria": {
      "consumed_item": "2024-10-18 00:40:14 +0000"
    },
    "done": true
  },
  "alexsmobs:alexsmobs/banana_slug": {
    "criteria": {
      "killed": "2024-10-18 00:40:52 +0000"
    },
    "done": true
  },
  "minecraft:adventure/sleep_in_bed": {
    "criteria": {
      "slept_in_bed": "2024-10-18 00:47:34 +0000"
    },
    "done": true
  },
  "minecraft:story/deflect_arrow": {
    "criteria": {
      "deflected_projectile": "2024-10-18 00:52:42 +0000"
    },
    "done": true
  },
  "enemyexpansion:vampire_slayer": {
    "criteria": {
      "vampire_slayer_0": "2024-10-18 00:56:11 +0000"
    },
    "done": true
  },
  "minecraft:story/mine_diamond": {
    "criteria": {
      "diamond": "2024-10-18 01:09:52 +0000"
    },
    "done": true
  },
  "alexsmobs:alexsmobs/grizzly_bear": {
    "criteria": {
      "killed_by": "2024-10-18 01:27:49 +0000"
    },
    "done": true
  },
  "regions_unexplored:spelunker": {
    "criteria": {
      "redstone_caves": "2024-10-18 01:53:38 +0000"
    },
    "done": false
  },
  "minecraft:story/shiny_gear": {
    "criteria": {
      "diamond_helmet": "2024-10-19 00:37:54 +0000"
    },
    "done": true
  },
  "create:copper": {
    "criteria": {
      "0": "2024-10-19 00:43:38 +0000"
    },
    "done": true
  },
  "DataVersion": 3465
}