{
  "travelersbackpack:standard_from_custom": {
    "criteria": {
      "has_the_recipe": "2024-10-25 01:58:18 +0000"
    },
    "done": true
  },
  "create_connected:root": {
    "criteria": {
      "0": "2024-10-25 01:58:18 +0000"
    },
    "done": true
  },
  "farmersdelight:main/root": {
    "criteria": {
      "seeds": "2024-10-25 01:58:18 +0000"
    },
    "done": true
  },
  "create:root": {
    "criteria": {
      "0": "2024-10-25 01:58:18 +0000"
    },
    "done": true
  },
  "cataclysm:root": {
    "criteria": {
      "custom_test_name": "2024-10-25 01:58:18 +0000"
    },
    "done": true
  },
  "mythicmounts:summoning_staff": {
    "criteria": {
      "has_the_recipe": "2024-10-25 01:58:18 +0000"
    },
    "done": true
  },
  "ironfurnaces:coal": {
    "criteria": {
      "rainbowcoal": "2024-10-25 01:58:18 +0000"
    },
    "done": true
  },
  "minecraft:adventure/adventuring_time": {
    "criteria": {
      "minecraft:taiga": "2024-10-25 01:58:47 +0000",
      "minecraft:sunflower_plains": "2024-10-25 02:38:21 +0000",
      "minecraft:river": "2024-10-25 02:08:03 +0000",
      "minecraft:dripstone_caves": "2024-10-25 02:29:13 +0000",
      "minecraft:forest": "2024-10-25 01:58:20 +0000",
      "minecraft:flower_forest": "2024-10-25 02:22:22 +0000",
      "minecraft:plains": "2024-10-25 02:09:04 +0000"
    },
    "done": false
  },
  "minecraft:story/mine_stone": {
    "criteria": {
      "get_stone": "2024-10-25 02:01:16 +0000"
    },
    "done": true
  },
  "minecraft:story/root": {
    "criteria": {
      "crafting_table": "2024-10-25 02:04:09 +0000"
    },
    "done": true
  },
  "minecraft:story/upgrade_tools": {
    "criteria": {
      "stone_pickaxe": "2024-10-25 02:04:24 +0000"
    },
    "done": true
  },
  "minecraft:husbandry/balanced_diet": {
    "criteria": {
      "apple": "2024-10-25 02:06:56 +0000"
    },
    "done": false
  },
  "minecraft:husbandry/root": {
    "criteria": {
      "consumed_item": "2024-10-25 02:06:56 +0000"
    },
    "done": true
  },
  "minecraft:husbandry/tame_an_animal": {
    "criteria": {
      "tamed_animal": "2024-10-25 02:14:18 +0000"
    },
    "done": true
  },
  "minecraft:story/obtain_armor": {
    "criteria": {
      "iron_boots": "2024-10-25 02:15:27 +0000"
    },
    "done": true
  },
  "minecraft:adventure/root": {
    "criteria": {
      "killed_something": "2024-10-25 02:17:40 +0000"
    },
    "done": true
  },
  "alexsmobs:alexsmobs/root": {
    "criteria": {
      "useitem": "2024-10-25 02:20:09 +0000"
    },
    "done": true
  },
  "minecraft:husbandry/plant_seed": {
    "criteria": {
      "wheat": "2024-10-25 02:25:42 +0000"
    },
    "done": true
  },
  "farmersdelight:main/plant_all_crops": {
    "criteria": {
      "wheat": "2024-10-25 02:25:42 +0000"
    },
    "done": false
  },
  "minecraft:adventure/sleep_in_bed": {
    "criteria": {
      "slept_in_bed": "2024-10-25 02:37:39 +0000"
    },
    "done": true
  },
  "DataVersion": 3465
}